{
  "results": [
    {
      "fmParamsList": {
        "operator1": {
          "attack": 432.7159278110501,
          "decay": 193.186968132332,
          "sustain": 197.95633952035112,
          "sustainTime": 152.45567264245807,
          "release": 259.35086414730836,
          "frequency": 272.42501684473035
        }
      },
      "fitness": 4.922392906655408,
      "pre_evaluation": 9.884118447010845,
      "generation": 1,
<<<<<<< Updated upstream
<<<<<<< Updated upstream
<<<<<<< Updated upstream
      "chromosomeId": "14e3c663-77a2-4f2a-a3c2-5787ca70f1db"
=======
      "chromosomeId": "021bb1f3-4803-4500-86aa-3d072b82faaa"
>>>>>>> Stashed changes
=======
      "chromosomeId": "021bb1f3-4803-4500-86aa-3d072b82faaa"
>>>>>>> Stashed changes
=======
      "chromosomeId": "e88bdd28-111f-49f2-aef2-8a54a80a05e9"
>>>>>>> Stashed changes
    },
    {
      "fmParamsList": {
        "operator1": {
<<<<<<< Updated upstream
<<<<<<< Updated upstream
<<<<<<< Updated upstream
          "attack": 361.14328364094933,
          "decay": 257.3899475978478,
          "sustain": 206.86420787166142,
          "sustainTime": 85.9199390317047,
          "release": 200.17029706777356,
          "frequency": 269.3784458850113
=======
          "attack": 317.9005267888596,
          "decay": 248.56592328190402,
          "sustain": 111.04226100269653,
          "sustainTime": 398.9853871670523,
          "release": 213.95953742141126,
          "frequency": 223.70621535086514
>>>>>>> Stashed changes
        }
      },
      "fitness": 4.9489587581759675,
      "pre_evaluation": 4.8433856302871225,
      "generation": 2,
<<<<<<< Updated upstream
      "chromosomeId": "20d1d1d2-375d-4ce1-b0ab-974237c39513"
=======
          "attack": 408.49706797801485,
          "decay": 218.84110672651525,
          "sustain": 154.65988789481443,
          "sustainTime": 110.74023620805511,
          "release": 357.7034502960185,
          "frequency": 264.2858933052812
        }
      },
      "fitness": 5.869658451077922,
      "pre_evaluation": 9.88155983753991,
      "generation": 2,
      "chromosomeId": "85d9e9fe-ed8b-4d40-8895-ba4af8fb4c1a"
>>>>>>> Stashed changes
=======
          "attack": 408.49706797801485,
          "decay": 218.84110672651525,
          "sustain": 154.65988789481443,
          "sustainTime": 110.74023620805511,
          "release": 357.7034502960185,
          "frequency": 264.2858933052812
        }
      },
      "fitness": 5.869658451077922,
      "pre_evaluation": 9.88155983753991,
      "generation": 2,
      "chromosomeId": "85d9e9fe-ed8b-4d40-8895-ba4af8fb4c1a"
>>>>>>> Stashed changes
=======
      "chromosomeId": "bca9c935-5c94-44db-bcbb-f6c285b6841f"
>>>>>>> Stashed changes
    },
    {
      "fmParamsList": {
        "operator1": {
<<<<<<< Updated upstream
<<<<<<< Updated upstream
<<<<<<< Updated upstream
          "attack": 278.67943967705645,
          "decay": 286.06624787542944,
          "sustain": 181.18766801229987,
          "sustainTime": 452.92307646156803,
          "release": 273.3148477761649,
          "frequency": 283.28071585686837
=======
          "attack": 342.61488726259125,
          "decay": 267.40386037115593,
          "sustain": 137.59727683242386,
          "sustainTime": 485.5814399025333,
          "release": 214.82531033431394,
          "frequency": 261.90992724859103
>>>>>>> Stashed changes
        }
      },
      "fitness": 4.954678397046703,
      "pre_evaluation": 4.916360046610837,
      "generation": 3,
<<<<<<< Updated upstream
      "chromosomeId": "27180950-7358-48fb-8b18-a20221800fb7"
=======
          "attack": 273.52125999288495,
          "decay": 221.03089561216666,
          "sustain": 242.22510556667038,
          "sustainTime": 124.36197111818481,
          "release": 402.3230363043394,
          "frequency": 188.24649803176987
        }
      },
      "fitness": 5.913077145150402,
      "pre_evaluation": 9.876915083973755,
      "generation": 3,
      "chromosomeId": "4495dca8-4b12-487e-8c01-ebe155972cf5"
>>>>>>> Stashed changes
=======
          "attack": 273.52125999288495,
          "decay": 221.03089561216666,
          "sustain": 242.22510556667038,
          "sustainTime": 124.36197111818481,
          "release": 402.3230363043394,
          "frequency": 188.24649803176987
        }
      },
      "fitness": 5.913077145150402,
      "pre_evaluation": 9.876915083973755,
      "generation": 3,
      "chromosomeId": "4495dca8-4b12-487e-8c01-ebe155972cf5"
>>>>>>> Stashed changes
=======
      "chromosomeId": "02a5472e-1bf8-4fe6-8a83-b3460fd27739"
>>>>>>> Stashed changes
    },
    {
      "fmParamsList": {
        "operator1": {
<<<<<<< Updated upstream
<<<<<<< Updated upstream
<<<<<<< Updated upstream
          "attack": 214.39640157931734,
          "decay": 311.69249565883047,
          "sustain": 243.69277529396325,
          "sustainTime": 244.15552996541982,
          "release": 240.7151239529477,
          "frequency": 331.3713908207408
=======
          "attack": 270.6624546681478,
          "decay": 297.65519217544073,
          "sustain": 187.8564498414604,
          "sustainTime": 500,
          "release": 229.7103148470103,
          "frequency": 225.6042571438272
>>>>>>> Stashed changes
        }
      },
      "fitness": 4.984908263961062,
      "pre_evaluation": 4.878458482033039,
      "generation": 4,
<<<<<<< Updated upstream
      "chromosomeId": "1c8cbb4b-c58f-4a14-94ca-7b214ab0ddf6"
=======
          "attack": 315.3739332479783,
          "decay": 281.0705069231825,
          "sustain": 258.0678919365072,
          "sustainTime": 131.51772682335988,
          "release": 344.7728752694828,
          "frequency": 310.998341891215
        }
      },
      "fitness": 5.936526849126533,
      "pre_evaluation": 9.874939494831722,
      "generation": 4,
      "chromosomeId": "cc0fa148-1812-478b-9689-fe975ca61d43"
>>>>>>> Stashed changes
=======
          "attack": 315.3739332479783,
          "decay": 281.0705069231825,
          "sustain": 258.0678919365072,
          "sustainTime": 131.51772682335988,
          "release": 344.7728752694828,
          "frequency": 310.998341891215
        }
      },
      "fitness": 5.936526849126533,
      "pre_evaluation": 9.874939494831722,
      "generation": 4,
      "chromosomeId": "cc0fa148-1812-478b-9689-fe975ca61d43"
>>>>>>> Stashed changes
=======
      "chromosomeId": "4aa588fd-dc8c-45fa-9b49-fa5c5609df5b"
>>>>>>> Stashed changes
    },
    {
      "fmParamsList": {
        "operator1": {
<<<<<<< Updated upstream
<<<<<<< Updated upstream
<<<<<<< Updated upstream
          "attack": 190.3450310534688,
          "decay": 233.33681755016423,
          "sustain": 233.3904260690019,
          "sustainTime": 0,
          "release": 226.1422387158904,
          "frequency": 316.0012736556655
=======
          "attack": 256.7555434986469,
          "decay": 258.32670096665146,
          "sustain": 186.17741764708637,
          "sustainTime": 325.2692407875348,
          "release": 280.0917705246607,
          "frequency": 236.54543424806246
>>>>>>> Stashed changes
        }
      },
      "fitness": 4.989485145555062,
      "pre_evaluation": 4.95358247124428,
      "generation": 5,
<<<<<<< Updated upstream
      "chromosomeId": "64dc0cb1-fe45-436d-a055-e282b7f8b220"
=======
          "attack": 344.19574004307447,
          "decay": 189.52836156944264,
          "sustain": 224.56767457479404,
          "sustainTime": 128.827768082222,
          "release": 370.47288291151926,
          "frequency": 257.92753613967665
        }
      },
      "fitness": 5.916156812636637,
      "pre_evaluation": 9.874209647991997,
      "generation": 5,
      "chromosomeId": "4c1f2019-73ff-42a4-acd1-1ea878647127"
>>>>>>> Stashed changes
=======
          "attack": 344.19574004307447,
          "decay": 189.52836156944264,
          "sustain": 224.56767457479404,
          "sustainTime": 128.827768082222,
          "release": 370.47288291151926,