{
  "results": [
    {
      "fmParamsList": {
        "operator1": {
<<<<<<< HEAD
          "attack": 276.3357822987071,
          "decay": 216.16771138377894,
          "sustain": 413.35745980109334,
          "sustainTime": 454.525509899142,
          "release": 466.05512990768085,
          "frequency": 282.14810291469325
        }
      },
      "fitness": 2.4842586961756137,
      "pre_evaluation": 9.813220512841841,
      "generation": 1,
      "chromosomeId": "2258b7b6-f7a7-4904-8f75-bd4b4e647510"
=======
          "attack": 45.08598824474558,
          "decay": 216.68695822970417,
          "sustain": 176.3724359291467,
          "sustainTime": 360.22957642797485,
          "release": 289.51330409952584,
          "frequency": 245.7828836684995
        }
      },
      "fitness": 2.9556178703564266,
      "pre_evaluation": 9.951074140013304,
      "generation": 1,
      "chromosomeId": "d8b36b3a-1a8a-428e-affd-38522b73eee7"
>>>>>>> adjust_target
    },
    {
      "fmParamsList": {
        "operator1": {
<<<<<<< HEAD
          "attack": 293.7392044168256,
          "decay": 265.79858299986097,
          "sustain": 456.65287506926006,
          "sustainTime": 357.04398659729986,
          "release": 328.0621040917411,
          "frequency": 374.28815265867934
        }
      },
      "fitness": 2.0757946282605317,
      "pre_evaluation": 8.810992140230756,
      "generation": 2,
      "chromosomeId": "fd385556-a81d-4cf2-a335-05539f84c99e"
=======
          "attack": 112.35813045885955,
          "decay": 250.15750620607977,
          "sustain": 215.3020593039397,
          "sustainTime": 377.5252754521407,
          "release": 292.3054005375706,
          "frequency": 202.62832059746103
        }
      },
      "fitness": 3.184787488547901,
      "pre_evaluation": 2.385588539778591,
      "generation": 2,
      "chromosomeId": "775b2119-f126-4948-abc6-ee13d4bcb203"
>>>>>>> adjust_target
    },
    {
      "fmParamsList": {
        "operator1": {
<<<<<<< HEAD
          "attack": 264.6838196556711,
          "decay": 224.69459545123664,
          "sustain": 398.9963582428098,
          "sustainTime": 269.56013926672466,
          "release": 416.66678091244444,
          "frequency": 475.63055307639195
        }
      },
      "fitness": 2.7796175207572293,
      "pre_evaluation": 8.47187536383651,
      "generation": 3,
      "chromosomeId": "25ed66e7-2619-4c79-9ca8-d9d4bf8c4061"
=======
          "attack": 194.4005998335129,
          "decay": 243.55727022223232,
          "sustain": 212.49923630344125,
          "sustainTime": 461.2873529863974,
          "release": 283.4946568800726,
          "frequency": 250.22271200643735
        }
      },
      "fitness": 4.084580929026236,
      "pre_evaluation": 2.6377605809405207,
      "generation": 3,
      "chromosomeId": "abd92b8c-3ee7-42db-a6ee-cecf105d2255"
>>>>>>> adjust_target
    },
    {
      "fmParamsList": {
        "operator1": {
<<<<<<< HEAD
          "attack": 254.22167821536203,
          "decay": 226.38214788386205,
          "sustain": 294.96550564845387,
          "sustainTime": 237.46502901394197,
          "release": 437.71024094054235,
          "frequency": 479.359289199935
        }
      },
      "fitness": 3.5282304244779414,
      "pre_evaluation": 8.414685727456337,
      "generation": 4,
      "chromosomeId": "d5a2875f-56c3-42c4-83e3-86147bcb1355"
=======
          "attack": 221.09809498368918,
          "decay": 233.2343536099902,
          "sustain": 176.76249440587213,
          "sustainTime": 335.75157090416735,
          "release": 333.8911042421169,
          "frequency": 258.70793482706654
        }
      },
      "fitness": 3.593011685784815,
      "pre_evaluation": 3.076996317772078,
      "generation": 4,
      "chromosomeId": "48afadf3-0b4b-483c-acd6-6f07a5e32811"
>>>>>>> adjust_target
    },
    {
      "fmParamsList": {
        "operator1": {
<<<<<<< HEAD
          "attack": 296.11794471983615,
          "decay": 207.72346924048588,
          "sustain": 242.60849938780433,
          "sustainTime": 304.2794336023826,
          "release": 316.243351945569,
          "frequency": 460.1715409244286
        }
      },
      "fitness": 3.3127611238493455,
      "pre_evaluation": 8.35198553535776,
      "generation": 5,
      "chromosomeId": "bb8c6c18-9883-4a64-9004-283e23f7ed99"
=======
          "attack": 192.1226048683669,
          "decay": 204.26596840024462,
          "sustain": 240.06305338478575,
          "sustainTime": 285.1516091060588,
          "release": 316.8636601818298,
          "frequency": 272.5705365364301
        }
      },
      "fitness": 4.243455490157313,
      "pre_evaluation": 2.938345125316192,
      "generation": 5,
      "chromosomeId": "14c0b65e-097f-4b3d-9d73-2d2fc9a68895"
>>>>>>> adjust_target
    },
    {
      "fmParamsList": {
        "operator1": {
<<<<<<< HEAD
          "attack": 225.8201214170724,
          "decay": 235.49646128468177,
          "sustain": 253.53980762009792,
          "sustainTime": 263.14126169718145,
          "release": 386.2362954604937,
          "frequency": 437.9762858588148
        }
      },
      "fitness": 3.8372746550241965,
      "pre_evaluation": 8.32332467332622,
      "generation": 6,
      "chromosomeId": "fbb2526a-0f3b-411a-9e31-3df79022a4d7"
=======
          "attack": 191.68526138351083,
          "decay": 195.49756318364444,
          "sustain": 246.33173249930493,
          "sustainTime": 251.7851438982742,
          "release": 360.8513314291755,
          "frequency": 228.84322584442933
        }
      },
      "fitness": 4.055296276809228,
      "pre_evaluation": 3.538906577838089,
      "generation": 6,
      "chromosomeId": "de6f37d8-a64e-40d8-b954-e3a0fc0e0625"
>>>>>>> adjust_target
    },
    {
      "fmParamsList": {
        "operator1": {
<<<<<<< HEAD
          "attack": 265.42560353817146,
          "decay": 235.4860801191282,
          "sustain": 267.2990243472606,
          "sustainTime": 253.93180923462666,
          "release": 415.2618869725345,
          "frequency": 402.3726669072911
        }
      },
      "fitness": 3.8649546537682586,
      "pre_evaluation": 8.319700617322711,
      "generation": 7,
      "chromosomeId": "290ec5d2-4207-4e10-8dd0-3616fd42e6b8"
=======
          "attack": 158.5138935043764,
          "decay": 207.62125426162282,
          "sustain": 237.0999965379701,
          "sustainTime": 266.3029674916697,
          "release": 288.7528612100955,
          "frequency": 227.88427905234798
        }
      },
      "fitness": 4.448608712587889,
      "pre_evaluation": 3.450761475128947,
      "generation": 7,
      "chromosomeId": "a85cdc01-6a74-456f-8d10-be5beb8def32"
>>>>>>> adjust_target
    },
    {
      "fmParamsList": {
        "operator1": {
<<<<<<< HEAD
          "attack": 250.52401841789205,
          "decay": 270.2644592244862,
          "sustain": 249.87366540223786,
          "sustainTime": 252.4965857842395,
          "release": 470.4036384280284,
          "frequency": 386.54954321341836
        }
      },
      "fitness": 3.943922034701799,
      "pre_evaluation": 8.316920007448953,
      "generation": 8,
      "chromosomeId": "37d38fd7-e071-4300-ba84-ec1eca3b576a"
=======
          "attack": 193.4729938476488,
          "decay": 221.26698272947777,
          "sustain": 203.43799879402042,
          "sustainTime": 298.9576299876158,
          "release": 264.9648818760926,
          "frequency": 239.91026108880476
        }
      },
      "fitness": 4.578968650829417,
      "pre_evaluation": 3.713658122958579,
      "generation": 8,
      "chromosomeId": "be27e6d2-27eb-41f2-93e8-e87d77929f3a"
>>>>>>> adjust_target
    },
    {
      "fmParamsList": {
        "operator1": {
<<<<<<< HEAD
          "attack": 255.08156241739982,
          "decay": 254.2613593173176,
          "sustain": 246.89134933164138,
          "sustainTime": 281.5967023259967,
          "release": 499.6164133685562,