{
  "results": [
    {
      "fmParamsList": {
        "operator1": {
<<<<<<< HEAD
          "attack": 446.871564358136,
          "decay": 212.9854824064246,
          "sustain": 163.903860346993,
          "sustainTime": 251.25602466757303,
          "release": 208.8716431814198,
          "frequency": 128.68615652757305
        }
      },
      "fitness": 2.7531637308242183,
      "pre_evaluation": 1.1805983950833785,
      "generation": 1,
      "chromosomeId": "23142c78-1641-4424-bfb5-99c161677927"
=======
          "attack": 40.57700021194965,
          "decay": 7.902777720066922,
          "sustain": 238.6003166414623,
          "sustainTime": 247.15726676730887,
          "release": 203.68119393148615,
          "frequency": 284.08367564568226
        }
      },
      "fitness": 3.4166733068926254,
      "pre_evaluation": 9.870270032025559,
      "generation": 1,
      "chromosomeId": "952a2549-40f8-4e84-ae79-53d4ee92edbd"
>>>>>>> adjust_target
    },
    {
      "fmParamsList": {
        "operator1": {
<<<<<<< HEAD
          "attack": 496.42241959882864,
          "decay": 225.6663608474928,
          "sustain": 124.55044623763654,
          "sustainTime": 315.81562059963187,
          "release": 162.58134495985348,
          "frequency": 237.1232847249496
        }
      },
      "fitness": 2.536033605009035,
      "pre_evaluation": 1.1728230601709537,
      "generation": 2,
      "chromosomeId": "2dd8a823-a3f5-46b2-8174-ff1fb9ac42f1"
=======
          "attack": 0,
          "decay": 73.87218614610255,
          "sustain": 259.4515380866188,
          "sustainTime": 224.5598715690198,
          "release": 256.8417488660604,
          "frequency": 211.04379265685617
        }
      },
      "fitness": 3.59180322811713,
      "pre_evaluation": 2.78965296981527,
      "generation": 2,
      "chromosomeId": "1c40b959-a6f2-4c7a-b832-e87acaf1eedf"
>>>>>>> adjust_target
    },
    {
      "fmParamsList": {
        "operator1": {
<<<<<<< HEAD
          "attack": 360.19819099371034,
          "decay": 222.20883237653732,
          "sustain": 197.43635345823145,
          "sustainTime": 361.55357901530107,
          "release": 177.3517501564945,
          "frequency": 266.64498429431967
        }
      },
      "fitness": 2.897579196529956,
      "pre_evaluation": 1.170879111560423,
      "generation": 3,
      "chromosomeId": "7459e715-3f14-4075-b1f6-54474e1b3a5f"
=======
          "attack": 41.415311826024976,
          "decay": 117.52094281737841,
          "sustain": 201.64731995046822,
          "sustainTime": 236.7877177150435,
          "release": 219.53131529278266,
          "frequency": 265.47073622452785
        }
      },
      "fitness": 3.406063049325015,
      "pre_evaluation": 3.0460828647683655,
      "generation": 3,
      "chromosomeId": "e2cfced9-431d-47e2-a46f-4e41b76e5c88"
>>>>>>> adjust_target
    },
    {
      "fmParamsList": {
        "operator1": {
<<<<<<< HEAD
          "attack": 395.8493075568059,
          "decay": 224.5876671078718,
          "sustain": 274.37384173416,
          "sustainTime": 362.629776491371,
          "release": 270.5216373058864,
          "frequency": 227.37220877958748
        }
      },
      "fitness": 3.681991088908126,
      "pre_evaluation": 1.1700578694920145,
      "generation": 4,
      "chromosomeId": "815688b7-4692-4908-a710-631d5a28f54a"
=======
          "attack": 62.11281076096162,
          "decay": 221.83860413090616,
          "sustain": 164.6031664135001,
          "sustainTime": 218.79996993964892,
          "release": 197.59295422790052,
          "frequency": 246.58982175994362
        }
      },
      "fitness": 3.4848864658108365,
      "pre_evaluation": 2.8017723195721578,
      "generation": 4,
      "chromosomeId": "ec135a72-99b7-428f-8577-b12b80caeffe"
>>>>>>> adjust_target
    },
    {
      "fmParamsList": {
        "operator1": {
<<<<<<< HEAD
          "attack": 424.81853626710836,
          "decay": 229.8059812258266,
          "sustain": 269.1045186838329,
          "sustainTime": 291.11665989738935,
          "release": 152.97065790862865,
          "frequency": 233.93173309070824
        }
      },
      "fitness": 3.668424897873217,
      "pre_evaluation": 1.1691586316937037,
      "generation": 5,
      "chromosomeId": "5f2f8ef2-9ec5-42bd-a252-e33096ba7ebe"
=======
          "attack": 107.0478150346164,
          "decay": 253.8911832265648,
          "sustain": 248.23782223678114,
          "sustainTime": 265.70958517659903,
          "release": 204.8107817335711,
          "frequency": 195.8512890635515
        }
      },
      "fitness": 4.186005468476294,
      "pre_evaluation": 2.6954323242963305,
      "generation": 5,
      "chromosomeId": "8ed7e80a-e14c-4371-b1ab-f68864f323ba"
>>>>>>> adjust_target
    },
    {
      "fmParamsList": {
        "operator1": {
<<<<<<< HEAD
          "attack": 430.50840846676965,
          "decay": 290.3817453701164,
          "sustain": 287.6994121626484,
          "sustainTime": 294.7936071356376,
          "release": 200.96516649373254,
          "frequency": 277.0747329021177
        }
      },
      "fitness": 3.6270870825735018,
      "pre_evaluation": 1.1690186464791994,
      "generation": 6,
      "chromosomeId": "999857e6-7ed1-404e-8151-674ee294e236"
=======
          "attack": 201.92319276708747,
          "decay": 193.9574162354835,
          "sustain": 261.70416089114735,
          "sustainTime": 266.2942313130833,
          "release": 250.12495614992525,
          "frequency": 227.10638696163693
        }
      },
      "fitness": 4.985163853036484,
      "pre_evaluation": 3.284116416360791,
      "generation": 6,
      "chromosomeId": "076b1277-1e2c-4c60-980f-f23e6e18c823"
>>>>>>> adjust_target
    },
    {
      "fmParamsList": {
        "operator1": {
<<<<<<< HEAD
          "attack": 483.9351085909153,
          "decay": 265.1746453307908,
          "sustain": 265.23205020153233,
          "sustainTime": 285.49911262453986,
          "release": 237.9072488066856,
          "frequency": 272.4131903147225
        }
      },
      "fitness": 4.562469493338798,
      "pre_evaluation": 1.168940743303325,
      "generation": 7,
      "chromosomeId": "2f1399fb-7abb-4c77-b37a-effa11587505"
=======
          "attack": 272.31919411453805,
          "decay": 188.31535895835947,
          "sustain": 241.37874970680699,
          "sustainTime": 261.5178249491009,
          "release": 304.1798745539128,
          "frequency": 213.9425583149535
        }
      },
      "fitness": 4.6584058411349245,
      "pre_evaluation": 3.988473484387677,
      "generation": 7,
      "chromosomeId": "8fc86497-c4d0-4fe9-a70b-d12800ecd6eb"
>>>>>>> adjust_target
    },
    {
      "fmParamsList": {
        "operator1": {
<<<<<<< HEAD
          "attack": 441.789010103878,
          "decay": 212.38948030568685,
          "sustain": 283.731384163304,
          "sustainTime": 241.43672676338173,
          "release": 267.96718416122275,
          "frequency": 275.78273909541167
        }
      },
      "fitness": 4.34912561219442,
      "pre_evaluation": 1.1688712062959783,
      "generation": 8,
      "chromosomeId": "1171240d-8bd5-4f5b-b807-1e8ed7ce33ac"
=======
          "attack": 238.90624958809434,
          "decay": 202.7873043563176,
          "sustain": 199.26147095579796,
          "sustainTime": 254.59663205172603,
          "release": 244.38749782360958,
          "frequency": 217.6586354412793
        }
      },
      "fitness": 5.014307288804183,
      "pre_evaluation": 3.944663288549356,
      "generation": 8,
      "chromosomeId": "5ffaca2e-31ee-4c5d-bbb5-cf378b62b07e"
>>>>>>> adjust_target
    },
    {
      "fmParamsList": {
        "operator1": {
<<<<<<< HEAD
          "attack": 427.11591404027496,
          "decay": 203.22862294801047,
          "sustain": 283.4407070160442,
          "sustainTime": 237.64229755474,
          "release": 228.88494805367915,
          "frequency": 266.454001536474
        }
      },