{
  "results": [
    {
      "fmParamsList": {
        "operator1": {
<<<<<<< HEAD
          "attack": 274.0298049213163,
          "decay": 278.2777578604728,
          "sustain": 28.778017971977267,
          "sustainTime": 298.9752565598784,
          "release": 214.57589493958125,
          "frequency": 354.52181511721864
        }
      },
      "fitness": 3.252680204378166,
      "pre_evaluation": 9.809207644557906,
      "generation": 1,
      "chromosomeId": "a5ca3a09-6fe6-4eb5-8d29-557040fcea11"
=======
          "attack": 216.867486843741,
          "decay": 205.82215844386175,
          "sustain": 156.09003630339814,
          "sustainTime": 162.84740486879218,
          "release": 343.91852996474904,
          "frequency": 20.417798670940567
        }
      },
      "fitness": 2.04136295586171,
      "pre_evaluation": 9.973616591519583,
      "generation": 1,
      "chromosomeId": "fefbbbd3-d008-4427-9ac1-dc809814e237"
>>>>>>> adjust_target
    },
    {
      "fmParamsList": {
        "operator1": {
<<<<<<< HEAD
          "attack": 280.05163777502196,
          "decay": 226.1838989845404,
          "sustain": 11.744919863146444,
          "sustainTime": 197.6261480141727,
          "release": 190.85610219773352,
          "frequency": 297.3756705865137
        }
      },
      "fitness": 3.4403960969060443,
      "pre_evaluation": 9.807291570724017,
      "generation": 2,
      "chromosomeId": "bdc99ff2-f848-4b81-bc89-97f07d40145b"
=======
          "attack": 236.48566671648592,
          "decay": 192.49157846873058,
          "sustain": 180.55059094027428,
          "sustainTime": 262.77918509064,
          "release": 263.1493974305082,
          "frequency": 30.316769833064086
        }
      },
      "fitness": 3.795296319610105,
      "pre_evaluation": 1.3661584157404778,
      "generation": 2,
      "chromosomeId": "9a94aeb5-3844-4b6e-bab4-2706dc259283"
>>>>>>> adjust_target
    },
    {
      "fmParamsList": {
        "operator1": {
<<<<<<< HEAD
          "attack": 229.29956871617236,
          "decay": 212.2176129053388,
          "sustain": 95.63959321316767,
          "sustainTime": 296.4918841271585,
          "release": 135.10025592031752,
          "frequency": 212.20507109431773
        }
      },
      "fitness": 3.149867605738937,
      "pre_evaluation": 9.805881928386661,
      "generation": 3,
      "chromosomeId": "6b15d8a0-bbb9-4521-badb-bacd05c67734"
=======
          "attack": 240.1803853568712,
          "decay": 192.98135205756904,
          "sustain": 80.90328202727085,
          "sustainTime": 252.90857330205145,
          "release": 198.28572803224043,
          "frequency": 153.90277633687433
        }
      },
      "fitness": 3.247884678767175,
      "pre_evaluation": 2.8012114460317092,
      "generation": 3,
      "chromosomeId": "519980ec-a274-4036-bb68-7149bece2df1"
>>>>>>> adjust_target
    },
    {
      "fmParamsList": {
        "operator1": {
<<<<<<< HEAD
          "attack": 225.67561821275558,
          "decay": 257.79996174067026,
          "sustain": 52.019496188369246,
          "sustainTime": 274.08711403660004,
          "release": 79.59280185956402,
          "frequency": 251.68557137996967
        }
      },
      "fitness": 3.76957585057177,
      "pre_evaluation": 9.805660387204844,
      "generation": 4,
      "chromosomeId": "47fbdda2-8627-4427-aeaa-938a316cd97e"
=======
          "attack": 276.84787510266096,
          "decay": 245.12517286741001,
          "sustain": 99.9828022038932,
          "sustainTime": 242.154470387834,
          "release": 239.9482005859669,
          "frequency": 196.9112218244708
        }
      },
      "fitness": 4.408972647798913,
      "pre_evaluation": 2.8065795940047362,
      "generation": 4,
      "chromosomeId": "53905cd0-2d08-4143-8ca0-18eb25ebf513"
>>>>>>> adjust_target
    },
    {
      "fmParamsList": {
        "operator1": {
<<<<<<< HEAD
          "attack": 238.60062091389295,
          "decay": 258.5614772285693,
          "sustain": 21.3805880387632,
          "sustainTime": 312.2959247780877,
          "release": 65.89933324198807,
          "frequency": 248.05899981693236
        }
      },
      "fitness": 3.420377597102679,
      "pre_evaluation": 9.805619916159811,
      "generation": 5,
      "chromosomeId": "0f5e2df6-06ed-4f93-9992-fb802d1c4505"
=======
          "attack": 321.2082180258247,
          "decay": 245.30625126236868,
          "sustain": 137.36796599829637,
          "sustainTime": 233.65488023523733,
          "release": 275.5185593907588,
          "frequency": 248.98875749237305
        }
      },
      "fitness": 4.263062707484746,
      "pre_evaluation": 3.7757218904279854,
      "generation": 5,
      "chromosomeId": "2e697b27-9a23-4616-82e4-bf9258467dab"
>>>>>>> adjust_target
    },
    {
      "fmParamsList": {
        "operator1": {
<<<<<<< HEAD
          "attack": 266.7322257550692,
          "decay": 234.02369168421453,
          "sustain": 81.37242768067529,
          "sustainTime": 244.55984245849234,
          "release": 100.32475858951736,
          "frequency": 271.2291449834154
        }
      },
      "fitness": 3.818400759992308,
      "pre_evaluation": 9.805529748232706,
      "generation": 6,
      "chromosomeId": "ee7fa965-0657-4bc6-aea8-2bdc6573a5f9"
=======
          "attack": 244.11882921224722,
          "decay": 199.52060480530474,
          "sustain": 129.89386563042092,
          "sustainTime": 266.5385231856657,
          "release": 252.90764808680987,
          "frequency": 281.2821208285738
        }
      },
      "fitness": 4.416993665418855,
      "pre_evaluation": 3.348097266768989,
      "generation": 6,
      "chromosomeId": "92d21ee3-b176-495e-ba72-713ca7474ebf"
>>>>>>> adjust_target
    },
    {
      "fmParamsList": {
        "operator1": {
<<<<<<< HEAD
          "attack": 247.95610984598653,
          "decay": 227.12370535412268,
          "sustain": 139.03718057746386,
          "sustainTime": 248.49477865196826,
          "release": 140.77889218650344,
          "frequency": 291.8917734626161
        }
      },
      "fitness": 3.7805610904476312,
      "pre_evaluation": 9.805485329188219,
      "generation": 7,
      "chromosomeId": "a18ef724-f55e-49e1-aac2-af18d4d9ee37"
=======
          "attack": 253.57391804530454,
          "decay": 160.61544920211912,
          "sustain": 97.37597765630763,
          "sustainTime": 229.51562549407478,
          "release": 247.06088331989295,
          "frequency": 248.77196286547152
        }
      },
      "fitness": 4.126718609182411,
      "pre_evaluation": 3.68166184938477,
      "generation": 7,
      "chromosomeId": "f7c5a35f-214f-4b20-988c-d9f76de5f49a"
>>>>>>> adjust_target
    },
    {
      "fmParamsList": {
        "operator1": {
<<<<<<< HEAD
          "attack": 225.52106886172942,
          "decay": 204.80029750656627,
          "sustain": 103.57587099107172,
          "sustainTime": 238.46921819485593,
          "release": 218.45280430418424,
          "frequency": 256.369603297129
        }
      },
      "fitness": 4.350559760335733,
      "pre_evaluation": 9.805432955579322,
      "generation": 8,
      "chromosomeId": "3c896fed-6276-4bb9-a391-e547cf4ac38a"
=======
          "attack": 280.4013587041825,
          "decay": 182.6234382847739,
          "sustain": 86.83977716802943,
          "sustainTime": 241.9337773348068,
          "release": 252.49773195431828,
          "frequency": 268.0560814422052
        }
      },
      "fitness": 4.162164930041592,
      "pre_evaluation": 3.656468399119346,
      "generation": 8,
      "chromosomeId": "f3b5b6ef-5c72-4996-a77a-fa9a5a1169d9"
>>>>>>> adjust_target
    },
    {
      "fmParamsList": {
        "operator1": {
<<<<<<< HEAD
          "attack": 251.76981680797482,
          "decay": 265.61773187507,
          "sustain": 68.38543817650039,
          "sustainTime": 222.72622362103053,
          "release": 176.30604989839668,