{
  "results": [
    {
      "fmParamsList": {
        "operator1": {
          "attack": 430.38384747730225,
          "decay": 171.1345371440114,
          "sustain": 329.50203298516107,
          "sustainTime": 201.30651585172475,
          "release": 77.09544109481575,
          "frequency": 264.3312092815552
        }
      },
      "fitness": 4.853621355406737,
      "pre_evaluation": 9.676070958887376,
      "generation": 1,
<<<<<<< Updated upstream
<<<<<<< Updated upstream
<<<<<<< Updated upstream
      "chromosomeId": "ca4846ad-c62d-47ee-bfc1-0132192dd6b6"
=======
      "chromosomeId": "4577fae0-bca9-485d-860a-5bcc2a61f741"
>>>>>>> Stashed changes
=======
      "chromosomeId": "4577fae0-bca9-485d-860a-5bcc2a61f741"
>>>>>>> Stashed changes
=======
      "chromosomeId": "7b3e1344-3219-4d64-9967-fc40cb454225"
>>>>>>> Stashed changes
    },
    {
      "fmParamsList": {
        "operator1": {
<<<<<<< Updated upstream
<<<<<<< Updated upstream
<<<<<<< Updated upstream
          "attack": 312.40266741775855,
          "decay": 165.5605683202486,
          "sustain": 326.5134877640339,
          "sustainTime": 254.66889503772148,
          "release": 164.28570897663968,
          "frequency": 253.13380390852697
=======
          "attack": 343.8017231419843,
          "decay": 246.39559544517996,
          "sustain": 377.392992157201,
          "sustainTime": 246.83141407566342,
          "release": 178.08273107723477,
          "frequency": 260.7921168880616
>>>>>>> Stashed changes
        }
      },
      "fitness": 4.940069797164848,
      "pre_evaluation": 4.767743567872208,
      "generation": 2,
<<<<<<< Updated upstream
      "chromosomeId": "02e2b897-dc4e-4f9a-b9eb-754427d3cbae"
=======
          "attack": 208.68871624158788,
          "decay": 353.6284360102965,
          "sustain": 412.85538919315275,
          "sustainTime": 334.5661521884207,
          "release": 198.8244692479857,
          "frequency": 269.03996523179063
        }
      },
      "fitness": 5.903532366593161,
      "pre_evaluation": 1.1181579347592754,
      "generation": 2,
      "chromosomeId": "ae0f1029-ec33-4d84-9bc6-2556ccba5bdb"
>>>>>>> Stashed changes
=======
          "attack": 208.68871624158788,
          "decay": 353.6284360102965,
          "sustain": 412.85538919315275,
          "sustainTime": 334.5661521884207,
          "release": 198.8244692479857,
          "frequency": 269.03996523179063
        }
      },
      "fitness": 5.903532366593161,
      "pre_evaluation": 1.1181579347592754,
      "generation": 2,
      "chromosomeId": "ae0f1029-ec33-4d84-9bc6-2556ccba5bdb"
>>>>>>> Stashed changes
=======
      "chromosomeId": "89dba779-e0db-4ca5-9b52-0fc1a6c0d5f1"
>>>>>>> Stashed changes
    },
    {
      "fmParamsList": {
        "operator1": {
<<<<<<< Updated upstream
<<<<<<< Updated upstream
<<<<<<< Updated upstream
          "attack": 249.09020259842686,
          "decay": 204.0813187585232,
          "sustain": 291.43199822136535,
          "sustainTime": 116.35954724389283,
          "release": 262.6329827264993,
          "frequency": 263.2419563291139
=======
          "attack": 295.8017994554645,
          "decay": 239.51622162773026,
          "sustain": 335.9349807679231,
          "sustainTime": 363.2869336975558,
          "release": 264.78129923186816,
          "frequency": 253.37359568107786
>>>>>>> Stashed changes
        }
      },
      "fitness": 4.980472638673297,
      "pre_evaluation": 4.8417107771302135,
      "generation": 3,
<<<<<<< Updated upstream
      "chromosomeId": "19f7a505-f105-479f-b16e-f94d298cf3f2"
=======
          "attack": 268.57626069647347,
          "decay": 350.3606964237663,
          "sustain": 399.09101182137124,
          "sustainTime": 301.4592088717741,
          "release": 259.61445930926834,
          "frequency": 305.799422530254
        }
      },
      "fitness": 5.924209765737824,
      "pre_evaluation": 1.1183652691879533,
      "generation": 3,
      "chromosomeId": "3a0214cb-e60a-4e80-93f5-9240c224ad1f"
>>>>>>> Stashed changes
=======
          "attack": 268.57626069647347,
          "decay": 350.3606964237663,
          "sustain": 399.09101182137124,
          "sustainTime": 301.4592088717741,
          "release": 259.61445930926834,
          "frequency": 305.799422530254
        }
      },
      "fitness": 5.924209765737824,
      "pre_evaluation": 1.1183652691879533,
      "generation": 3,
      "chromosomeId": "3a0214cb-e60a-4e80-93f5-9240c224ad1f"
>>>>>>> Stashed changes
=======
      "chromosomeId": "396b4c09-97ee-4932-9f86-a6d2836fb88e"
>>>>>>> Stashed changes
    },
    {
      "fmParamsList": {
        "operator1": {
<<<<<<< Updated upstream
<<<<<<< Updated upstream
<<<<<<< Updated upstream
          "attack": 231.41061306717268,
          "decay": 226.87626399874364,
          "sustain": 257.28632360889856,
          "sustainTime": 343.9094403070903,
          "release": 177.34785189771847,
          "frequency": 241.39756430451467
=======
          "attack": 212.50141374551345,
          "decay": 219.52195065707483,
          "sustain": 320.50461169581996,
          "sustainTime": 320.1263936424539,
          "release": 235.89603179318215,
          "frequency": 232.28839967715373
>>>>>>> Stashed changes
        }
      },
      "fitness": 4.9844180508216365,
      "pre_evaluation": 4.918772443352094,
      "generation": 4,
<<<<<<< Updated upstream
      "chromosomeId": "22e16bdb-c9cd-4332-a691-185daa43cc9d"
=======
          "attack": 165.78379461279133,
          "decay": 349.39524435559787,
          "sustain": 328.50393187263273,
          "sustainTime": 245.43241758478663,
          "release": 228.56651670295213,
          "frequency": 270.30624557594365
        }
      },
      "fitness": 5.952315965651193,
      "pre_evaluation": 1.1186256170437419,
      "generation": 4,
      "chromosomeId": "d8ea854e-feca-4795-8fe7-7978d69ba3f7"
>>>>>>> Stashed changes
=======
          "attack": 165.78379461279133,
          "decay": 349.39524435559787,
          "sustain": 328.50393187263273,
          "sustainTime": 245.43241758478663,
          "release": 228.56651670295213,
          "frequency": 270.30624557594365
        }
      },
      "fitness": 5.952315965651193,
      "pre_evaluation": 1.1186256170437419,
      "generation": 4,
      "chromosomeId": "d8ea854e-feca-4795-8fe7-7978d69ba3f7"
>>>>>>> Stashed changes
=======
      "chromosomeId": "4f846dcf-32d4-4461-9ae1-1df0f15477f5"
>>>>>>> Stashed changes
    },
    {
      "fmParamsList": {
        "operator1": {
<<<<<<< Updated upstream
<<<<<<< Updated upstream
<<<<<<< Updated upstream
          "attack": 209.7184670590553,
          "decay": 215.30212168852688,
          "sustain": 277.63961251011676,
          "sustainTime": 157.06512615743014,
          "release": 238.05259858277006,
          "frequency": 236.9779508101562
=======
          "attack": 204.26520159270234,
          "decay": 220.88225546013382,
          "sustain": 265.4151612888653,
          "sustainTime": 487.0989604768853,
          "release": 236.83681321576432,
          "frequency": 271.3440249748025
>>>>>>> Stashed changes
        }
      },
      "fitness": 4.992398804929746,
      "pre_evaluation": 4.966072805469486,
      "generation": 5,
<<<<<<< Updated upstream
      "chromosomeId": "685c594b-34ec-49f9-95ed-d74036ea9593"
=======
          "attack": 241.96140575642238,
          "decay": 349.3213485846594,
          "sustain": 246.91856886252594,
          "sustainTime": 266.79699163967416,
          "release": 240.59904337868358,
          "frequency": 257.47403003026153
        }
      },
      "fitness": 5.979463096631846,
      "pre_evaluation": 1.118735549284388,
      "generation": 5,
      "chromosomeId": "e6cb4246-e63b-4cf0-af99-0b2ed84f28e1"
>>>>>>> Stashed changes
=======
          "attack": 241.96140575642238,
          "decay": 349.3213485846594,
          "sustain": 246.91856886252594,
          "sustainTime": 266.79699163967416,