{
  "results": [
    {
      "fmParamsList": {
        "operator1": {
          "attack": 177.58244349693592,
          "decay": 226.22511741737898,
          "sustain": 208.08084003364542,
          "sustainTime": 95.02260797979834,
          "release": 449.18769196968725,
          "frequency": 126.65380035282186
        }
      },
      "fitness": 4.878673018816612,
      "pre_evaluation": 9.676070958887376,
      "generation": 1,
<<<<<<< Updated upstream
<<<<<<< Updated upstream
<<<<<<< Updated upstream
      "chromosomeId": "d1b6913a-4be6-4df0-ab21-2251e4d90614"
=======
      "chromosomeId": "d9249a17-68a2-4bcd-ade0-b30cbe247bde"
>>>>>>> Stashed changes
=======
      "chromosomeId": "d9249a17-68a2-4bcd-ade0-b30cbe247bde"
>>>>>>> Stashed changes
=======
      "chromosomeId": "0fa410cf-7aed-467a-bdde-976444b85c30"
>>>>>>> Stashed changes
    },
    {
      "fmParamsList": {
        "operator1": {
<<<<<<< Updated upstream
<<<<<<< Updated upstream
<<<<<<< Updated upstream
          "attack": 152.4719600238869,
          "decay": 195.95099624256176,
          "sustain": 209.07394097810567,
          "sustainTime": 346.7574710390692,
          "release": 352.86123811322716,
          "frequency": 258.22729483100557
=======
          "attack": 169.9915091615693,
          "decay": 316.0010099105882,
          "sustain": 213.63309816072234,
          "sustainTime": 419.7719671418093,
          "release": 350.0014668420009,
          "frequency": 178.878150037796
>>>>>>> Stashed changes
        }
      },
      "fitness": 4.946095320366334,
      "pre_evaluation": 4.817641556327383,
      "generation": 2,
<<<<<<< Updated upstream
      "chromosomeId": "2260fd3f-f15d-428c-83ca-9d94b3199b01"
=======
          "attack": 332.1776063618304,
          "decay": 158.51299948031374,
          "sustain": 169.07709483023825,
          "sustainTime": 278.65292559504417,
          "release": 296.00306784004,
          "frequency": 179.25597677136668
        }
      },
      "fitness": 5.941148672489831,
      "pre_evaluation": 2.3333484332837227,
      "generation": 2,
      "chromosomeId": "34136584-3479-459c-84c2-a97586297a91"
>>>>>>> Stashed changes
=======
          "attack": 332.1776063618304,
          "decay": 158.51299948031374,
          "sustain": 169.07709483023825,
          "sustainTime": 278.65292559504417,
          "release": 296.00306784004,
          "frequency": 179.25597677136668
        }
      },
      "fitness": 5.941148672489831,
      "pre_evaluation": 2.3333484332837227,
      "generation": 2,
      "chromosomeId": "34136584-3479-459c-84c2-a97586297a91"
>>>>>>> Stashed changes
=======
      "chromosomeId": "9c04fe86-cd42-49b4-8375-d4b8de9bb748"
>>>>>>> Stashed changes
    },
    {
      "fmParamsList": {
        "operator1": {
<<<<<<< Updated upstream
<<<<<<< Updated upstream
<<<<<<< Updated upstream
          "attack": 290.2601440718071,
          "decay": 285.00296789781186,
          "sustain": 215.3097460872331,
          "sustainTime": 311.2711462951152,
          "release": 347.36966090723337,
          "frequency": 266.8320548838545
=======
          "attack": 317.3661959667209,
          "decay": 286.595329791868,
          "sustain": 184.98303073094286,
          "sustainTime": 396.32668108331876,
          "release": 328.4145239066248,
          "frequency": 202.6271948728287
>>>>>>> Stashed changes
        }
      },
      "fitness": 4.963170355079514,
      "pre_evaluation": 4.828164362083979,
      "generation": 3,
<<<<<<< Updated upstream
      "chromosomeId": "5234e15e-4925-4be6-8677-1cf3efbb4c87"
=======
          "attack": 312.5296817638465,
          "decay": 226.4644244023145,
          "sustain": 157.0780881918847,
          "sustainTime": 286.68426766199383,
          "release": 381.03461709707005,
          "frequency": 197.2137031802531
        }
      },
      "fitness": 5.931980281073956,
      "pre_evaluation": 2.5578849286057403,
      "generation": 3,
      "chromosomeId": "93b0dc30-4201-4beb-95ac-333e7d7bfe12"
>>>>>>> Stashed changes
=======
          "attack": 312.5296817638465,
          "decay": 226.4644244023145,
          "sustain": 157.0780881918847,
          "sustainTime": 286.68426766199383,
          "release": 381.03461709707005,
          "frequency": 197.2137031802531
        }
      },
      "fitness": 5.931980281073956,
      "pre_evaluation": 2.5578849286057403,
      "generation": 3,
      "chromosomeId": "93b0dc30-4201-4beb-95ac-333e7d7bfe12"
>>>>>>> Stashed changes
=======
      "chromosomeId": "c8c5cf75-db56-4b4e-9848-ceaf498c8d68"
>>>>>>> Stashed changes
    },
    {
      "fmParamsList": {
        "operator1": {
<<<<<<< Updated upstream
<<<<<<< Updated upstream
<<<<<<< Updated upstream
          "attack": 232.84182912597993,
          "decay": 230.55883234425818,
          "sustain": 238.75746719224327,
          "sustainTime": 160.44082664747245,
          "release": 305.579101848069,
          "frequency": 330.18473518489077
=======
          "attack": 271.09432539676277,
          "decay": 236.88402692202575,
          "sustain": 210.4066324969518,
          "sustainTime": 100.59691750366811,
          "release": 240.3831826898421,
          "frequency": 187.8404553032134
>>>>>>> Stashed changes
        }
      },
      "fitness": 4.987753310796927,
      "pre_evaluation": 4.923105928792593,
      "generation": 4,
<<<<<<< Updated upstream
      "chromosomeId": "a6fc2cdb-04d7-4067-9865-cd9d30c0849a"
=======
          "attack": 306.10117314361406,
          "decay": 209.18106573962226,
          "sustain": 214.78590058658614,
          "sustainTime": 225.79634020666364,
          "release": 331.6824210771313,
          "frequency": 223.91247296837665
        }
      },
      "fitness": 5.972134730074868,
      "pre_evaluation": 2.6686037104956015,
      "generation": 4,
      "chromosomeId": "832eca1f-8599-4fde-a830-0b74115b1b2c"
>>>>>>> Stashed changes
=======
          "attack": 306.10117314361406,
          "decay": 209.18106573962226,
          "sustain": 214.78590058658614,
          "sustainTime": 225.79634020666364,
          "release": 331.6824210771313,
          "frequency": 223.91247296837665
        }
      },
      "fitness": 5.972134730074868,
      "pre_evaluation": 2.6686037104956015,
      "generation": 4,
      "chromosomeId": "832eca1f-8599-4fde-a830-0b74115b1b2c"
>>>>>>> Stashed changes
=======
      "chromosomeId": "61073f9e-7fde-4a75-9eb4-ec9cb6c73b18"
>>>>>>> Stashed changes
    },
    {
      "fmParamsList": {
        "operator1": {
<<<<<<< Updated upstream
<<<<<<< Updated upstream
<<<<<<< Updated upstream
          "attack": 264.14321835602783,
          "decay": 274.9493346289502,
          "sustain": 202.67307318936392,
          "sustainTime": 464.1825258695217,
          "release": 263.6826705135682,
          "frequency": 325.73985454906506
=======
          "attack": 228.2141970659889,
          "decay": 195.93943540853573,
          "sustain": 196.2867057133122,
          "sustainTime": 500,
          "release": 306.4309027239516,
          "frequency": 222.61704716500907
>>>>>>> Stashed changes
        }
      },
      "fitness": 4.979622364406497,
      "pre_evaluation": 4.952020542567988,
      "generation": 5,
<<<<<<< Updated upstream
      "chromosomeId": "74eaa772-3600-4b7f-ac27-b8d78fd2f771"
=======
          "attack": 303.1844631228097,
          "decay": 248.0257482768578,
          "sustain": 196.17353098750235,
          "sustainTime": 270.7847337824567,
          "release": 394.82839136584204,
          "frequency": 285.2828912337467
        }
      },
      "fitness": 5.9441400966567315,
      "pre_evaluation": 2.7244375303110115,
      "generation": 5,
      "chromosomeId": "964b0b6a-df24-4cf6-b603-3bd3eb8782e6"
>>>>>>> Stashed changes
=======
          "attack": 303.1844631228097,
          "decay": 248.0257482768578,
          "sustain": 196.17353098750235,
          "sustainTime": 270.7847337824567,
          "release": 394.82839136584204,