{
  "results": [
    {
      "fmParamsList": {
        "operator1": {
          "attack": 82.80859027020033,
          "decay": 238.8954534091911,
          "sustain": 303.6927267147487,
          "sustainTime": 88.20113742720747,
          "release": 356.24830518161053,
          "frequency": 140.50630375076423
        }
      },
      "fitness": 4.893615263990858,
      "pre_evaluation": 9.813220512841841,
      "generation": 1,
<<<<<<< Updated upstream
<<<<<<< Updated upstream
<<<<<<< Updated upstream
      "chromosomeId": "996c7014-d84a-4662-b421-945c82f3efe5"
=======
      "chromosomeId": "37a38f08-5060-4df8-8925-7bea421629ed"
>>>>>>> Stashed changes
=======
      "chromosomeId": "37a38f08-5060-4df8-8925-7bea421629ed"
>>>>>>> Stashed changes
=======
      "chromosomeId": "c03348a9-9670-4707-835f-a8fba40785a5"
>>>>>>> Stashed changes
    },
    {
      "fmParamsList": {
        "operator1": {
<<<<<<< Updated upstream
<<<<<<< Updated upstream
<<<<<<< Updated upstream
          "attack": 184.4020637702511,
          "decay": 294.913434272044,
          "sustain": 283.0251797200267,
          "sustainTime": 105.32930286075192,
          "release": 349.14243722703975,
          "frequency": 248.09696484841697
=======
          "attack": 210.0447578900141,
          "decay": 265.26888976543137,
          "sustain": 233.50207644434784,
          "sustainTime": 137.5392208990397,
          "release": 339.12057514449475,
          "frequency": 68.30304732523473
>>>>>>> Stashed changes
        }
      },
      "fitness": 4.916147471475196,
      "pre_evaluation": 4.848672231504231,
      "generation": 2,
<<<<<<< Updated upstream
      "chromosomeId": "1e466dce-bfd0-4f9e-be21-e35ec18c63c0"
=======
          "attack": 275.7552930753601,
          "decay": 150.76837554085427,
          "sustain": 86.04521669547366,
          "sustainTime": 324.1700845645995,
          "release": 295.34963716720597,
          "frequency": 378.6177758392385
        }
      },
      "fitness": 5.8792397640539145,
      "pre_evaluation": 9.82882919640189,
      "generation": 2,
      "chromosomeId": "3db20f0b-a4de-4643-9bd3-b191e776a74d"
>>>>>>> Stashed changes
=======
          "attack": 275.7552930753601,
          "decay": 150.76837554085427,
          "sustain": 86.04521669547366,
          "sustainTime": 324.1700845645995,
          "release": 295.34963716720597,
          "frequency": 378.6177758392385
        }
      },
      "fitness": 5.8792397640539145,
      "pre_evaluation": 9.82882919640189,
      "generation": 2,
      "chromosomeId": "3db20f0b-a4de-4643-9bd3-b191e776a74d"
>>>>>>> Stashed changes
=======
      "chromosomeId": "dd7c03d4-3f58-4d3a-a09b-46fc862971aa"
>>>>>>> Stashed changes
    },
    {
      "fmParamsList": {
        "operator1": {
<<<<<<< Updated upstream
<<<<<<< Updated upstream
<<<<<<< Updated upstream
          "attack": 272.8448143550034,
          "decay": 235.72923153615858,
          "sustain": 259.5222499746616,
          "sustainTime": 260.14370336822145,
          "release": 333.37675543035044,
          "frequency": 291.49339837387004
=======
          "attack": 282.9542907306865,
          "decay": 321.83900376043056,
          "sustain": 299.85441384056344,
          "sustainTime": 343.52928689814325,
          "release": 292.14112314611253,
          "frequency": 114.69568136585434
>>>>>>> Stashed changes
        }
      },
      "fitness": 4.943105435706181,
      "pre_evaluation": 4.838757679148303,
      "generation": 3,
<<<<<<< Updated upstream
      "chromosomeId": "58ed5dd5-b893-411e-8f81-d6898000528c"
=======
          "attack": 231.91014864135715,
          "decay": 143.9031409193936,
          "sustain": 131.2124573861583,
          "sustainTime": 341.18371024229447,
          "release": 346.2826075729564,
          "frequency": 363.92087374025346
        }
      },
      "fitness": 5.888774429359784,
      "pre_evaluation": 9.829479351916767,
      "generation": 3,
      "chromosomeId": "b30209c9-a933-490a-a65f-d715bdd69734"
>>>>>>> Stashed changes
=======
          "attack": 231.91014864135715,
          "decay": 143.9031409193936,
          "sustain": 131.2124573861583,
          "sustainTime": 341.18371024229447,
          "release": 346.2826075729564,
          "frequency": 363.92087374025346
        }
      },
      "fitness": 5.888774429359784,
      "pre_evaluation": 9.829479351916767,
      "generation": 3,
      "chromosomeId": "b30209c9-a933-490a-a65f-d715bdd69734"
>>>>>>> Stashed changes
=======
      "chromosomeId": "445d8077-eaa8-4aaa-bb7d-b62787e5081a"
>>>>>>> Stashed changes
    },
    {
      "fmParamsList": {
        "operator1": {
<<<<<<< Updated upstream
<<<<<<< Updated upstream
<<<<<<< Updated upstream
          "attack": 273.8956658794169,
          "decay": 186.78869679460357,
          "sustain": 246.38304137358864,
          "sustainTime": 41.82038339792068,
          "release": 324.7800192788743,
          "frequency": 243.99823757903295
=======
          "attack": 262.6491898625359,
          "decay": 233.49127917791444,
          "sustain": 325.06666668233964,
          "sustainTime": 291.74402160481213,
          "release": 304.431905926861,
          "frequency": 177.86493634615005
>>>>>>> Stashed changes
        }
      },
      "fitness": 4.971667267065255,
      "pre_evaluation": 4.8729771143889735,
      "generation": 4,
<<<<<<< Updated upstream
      "chromosomeId": "558c18fb-26e6-4661-9182-4086eee3959e"
=======
          "attack": 308.1568608018553,
          "decay": 240.9841415511154,
          "sustain": 69.91442515296406,
          "sustainTime": 347.2764182973442,
          "release": 332.6606166193396,
          "frequency": 293.157530151908
        }
      },
      "fitness": 5.8942547015237405,
      "pre_evaluation": 9.830717093306278,
      "generation": 4,
      "chromosomeId": "a6377d76-ceb9-4176-b8e9-54d12f6136d3"
>>>>>>> Stashed changes
=======
          "attack": 308.1568608018553,
          "decay": 240.9841415511154,
          "sustain": 69.91442515296406,
          "sustainTime": 347.2764182973442,
          "release": 332.6606166193396,
          "frequency": 293.157530151908
        }
      },
      "fitness": 5.8942547015237405,
      "pre_evaluation": 9.830717093306278,
      "generation": 4,
      "chromosomeId": "a6377d76-ceb9-4176-b8e9-54d12f6136d3"
>>>>>>> Stashed changes
=======
      "chromosomeId": "253f2604-115a-4afa-8fee-7c2950c108a9"
>>>>>>> Stashed changes
    },
    {
      "fmParamsList": {
        "operator1": {
<<<<<<< Updated upstream
<<<<<<< Updated upstream
<<<<<<< Updated upstream
          "attack": 328.5869078285407,
          "decay": 182.27645122894495,
          "sustain": 275.54379856063554,
          "sustainTime": 226.40039721770438,
          "release": 231.92454751335137,
          "frequency": 277.8908777085146
=======
          "attack": 266.6142991565511,
          "decay": 269.8705578314602,
          "sustain": 297.1539923152439,
          "sustainTime": 433.90449553907183,
          "release": 265.19697402265115,
          "frequency": 236.63979289460968
>>>>>>> Stashed changes
        }
      },
      "fitness": 4.993402875402698,
      "pre_evaluation": 4.927882411087206,
      "generation": 5,
<<<<<<< Updated upstream
      "chromosomeId": "10f826e6-7fa8-40de-be20-e924a0d31e8c"
=======
          "attack": 229.44711482382564,
          "decay": 204.0267541030151,
          "sustain": 139.8506496156627,
          "sustainTime": 269.3858709934922,
          "release": 346.81938354733984,
          "frequency": 292.0828418289144
        }
      },
      "fitness": 5.948103301953458,
      "pre_evaluation": 9.831204557460982,
      "generation": 5,
      "chromosomeId": "53bb2cc8-fe1e-4195-a567-b3917e2738c8"
>>>>>>> Stashed changes
=======
          "attack": 229.44711482382564,
          "decay": 204.0267541030151,
          "sustain": 139.8506496156627,
          "sustainTime": 269.3858709934922,