{
  "results": [
    {
      "fmParamsList": {
        "operator1": {
          "attack": 116.28497026443685,
          "decay": 183.755905057564,
          "sustain": 183.1962249131237,
          "sustainTime": 163.74778220627272,
          "release": 189.73203986346448,
          "frequency": 342.8716727279727
        }
      },
      "fitness": 4.922907970321884,
      "pre_evaluation": 9.884118447010845,
      "generation": 1,
<<<<<<< Updated upstream
<<<<<<< Updated upstream
<<<<<<< Updated upstream
      "chromosomeId": "69734949-0fdb-4df6-9c3f-f8c4ccbd833c"
=======
      "chromosomeId": "38c3ec99-1658-41ee-a6de-ef702878b29c"
>>>>>>> Stashed changes
=======
      "chromosomeId": "38c3ec99-1658-41ee-a6de-ef702878b29c"
>>>>>>> Stashed changes
=======
      "chromosomeId": "d7cc8c78-b36d-4f0f-af16-0da274f9c8bb"
>>>>>>> Stashed changes
    },
    {
      "fmParamsList": {
        "operator1": {
<<<<<<< Updated upstream
<<<<<<< Updated upstream
<<<<<<< Updated upstream
          "attack": 271.46928343730195,
          "decay": 207.97496681463375,
          "sustain": 224.40012362705932,
          "sustainTime": 332.7572655987858,
          "release": 161.06412150192108,
          "frequency": 280.6777021661785
=======
          "attack": 161.55410901279012,
          "decay": 291.1130502550721,
          "sustain": 203.39114742555205,
          "sustainTime": 492.01599314822306,
          "release": 317.2543353746339,
          "frequency": 338.21374868746017
>>>>>>> Stashed changes
        }
      },
      "fitness": 4.9523178531264564,
      "pre_evaluation": 4.750960022902655,
      "generation": 2,
<<<<<<< Updated upstream
      "chromosomeId": "d0107cb4-e9dc-47c6-91f0-2cbe1346a7da"
=======
          "attack": 116.18896062592253,
          "decay": 235.5874980466957,
          "sustain": 210.57467921295904,
          "sustainTime": 207.8925314646448,
          "release": 168.11982750240193,
          "frequency": 292.1586252620655
        }
      },
      "fitness": 5.940896177228695,
      "pre_evaluation": 9.598938706126281,
      "generation": 2,
      "chromosomeId": "33e599b6-77b8-416c-b71a-d08ac0b8df16"
>>>>>>> Stashed changes
=======
          "attack": 116.18896062592253,
          "decay": 235.5874980466957,
          "sustain": 210.57467921295904,
          "sustainTime": 207.8925314646448,
          "release": 168.11982750240193,
          "frequency": 292.1586252620655
        }
      },
      "fitness": 5.940896177228695,
      "pre_evaluation": 9.598938706126281,
      "generation": 2,
      "chromosomeId": "33e599b6-77b8-416c-b71a-d08ac0b8df16"
>>>>>>> Stashed changes
=======
      "chromosomeId": "7bc64b12-25af-452a-9a60-b2b1cd04ab92"
>>>>>>> Stashed changes
    },
    {
      "fmParamsList": {
        "operator1": {
<<<<<<< Updated upstream
<<<<<<< Updated upstream
<<<<<<< Updated upstream
          "attack": 200.62178584027222,
          "decay": 191.7087072908254,
          "sustain": 183.5322477565723,
          "sustainTime": 266.2748816459864,
          "release": 260.22683528762934,
          "frequency": 284.8894377306344
=======
          "attack": 230.76419389939494,
          "decay": 355.304520466131,
          "sustain": 251.04027564015956,
          "sustainTime": 177.8919263000773,
          "release": 246.95500659607873,
          "frequency": 232.7648372160002
>>>>>>> Stashed changes
        }
      },
      "fitness": 4.976711649481016,
      "pre_evaluation": 4.842259487668041,
      "generation": 3,
<<<<<<< Updated upstream
      "chromosomeId": "938cfb4c-c86e-4ef0-b48e-8acad0a571fa"
=======
          "attack": 138.12820019809612,
          "decay": 143.39259188608264,
          "sustain": 148.42613180021232,
          "sustainTime": 272.67136099838626,
          "release": 175.09040883876702,
          "frequency": 262.1382726934447
        }
      },
      "fitness": 5.9199008726482925,
      "pre_evaluation": 9.278131826791821,
      "generation": 3,
      "chromosomeId": "d1e157f2-8a88-4fd5-8fd5-04493a355690"
>>>>>>> Stashed changes
=======
          "attack": 138.12820019809612,
          "decay": 143.39259188608264,
          "sustain": 148.42613180021232,
          "sustainTime": 272.67136099838626,
          "release": 175.09040883876702,
          "frequency": 262.1382726934447
        }
      },
      "fitness": 5.9199008726482925,
      "pre_evaluation": 9.278131826791821,
      "generation": 3,
      "chromosomeId": "d1e157f2-8a88-4fd5-8fd5-04493a355690"
>>>>>>> Stashed changes
=======
      "chromosomeId": "d67e05fd-e78e-43a0-b7d2-faf46661ecc1"
>>>>>>> Stashed changes
    },
    {
      "fmParamsList": {
        "operator1": {
<<<<<<< Updated upstream
<<<<<<< Updated upstream
<<<<<<< Updated upstream
          "attack": 229.31768610139596,
          "decay": 238.12508493952205,
          "sustain": 273.84988116004035,
          "sustainTime": 286.27786220617384,
          "release": 282.52018386983366,
          "frequency": 228.93837162666566
=======
          "attack": 183.66588420614164,
          "decay": 238.4792864116578,
          "sustain": 230.86275285024604,
          "sustainTime": 300.16427672571876,
          "release": 310.323348850358,
          "frequency": 253.1741312011465
>>>>>>> Stashed changes
        }
      },
      "fitness": 4.982969018181617,
      "pre_evaluation": 4.9234434196289225,
      "generation": 4,
<<<<<<< Updated upstream
      "chromosomeId": "85f4262b-642e-485e-8385-414d283d2717"
=======
          "attack": 233.19451675455653,
          "decay": 182.3273854416176,
          "sustain": 211.67224574660634,
          "sustainTime": 305.43953616465285,
          "release": 212.73727408408854,
          "frequency": 250.28901686685316
        }
      },
      "fitness": 5.978482675272678,
      "pre_evaluation": 9.16314993997168,
      "generation": 4,
      "chromosomeId": "bcb8ffaf-31df-4b09-9aa2-b23c4d2a46da"
>>>>>>> Stashed changes
=======
          "attack": 233.19451675455653,
          "decay": 182.3273854416176,
          "sustain": 211.67224574660634,
          "sustainTime": 305.43953616465285,
          "release": 212.73727408408854,
          "frequency": 250.28901686685316
        }
      },
      "fitness": 5.978482675272678,
      "pre_evaluation": 9.16314993997168,
      "generation": 4,
      "chromosomeId": "bcb8ffaf-31df-4b09-9aa2-b23c4d2a46da"
>>>>>>> Stashed changes
=======
      "chromosomeId": "27036afa-fc47-4c7d-9f0a-24467b1f73cf"
>>>>>>> Stashed changes
    },
    {
      "fmParamsList": {
        "operator1": {
<<<<<<< Updated upstream
<<<<<<< Updated upstream
<<<<<<< Updated upstream
          "attack": 247.63821860908712,
          "decay": 203.0744948930523,
          "sustain": 250.62613326128448,
          "sustainTime": 306.15885084121726,
          "release": 223.02636255877493,
          "frequency": 266.09831490055774
=======
          "attack": 291.124720571669,
          "decay": 255.44484851454064,
          "sustain": 211.95602222046762,
          "sustainTime": 328.24467505252676,
          "release": 292.24012043530035,
          "frequency": 244.47904522310688
>>>>>>> Stashed changes
        }
      },
      "fitness": 4.9900503787592125,
      "pre_evaluation": 4.944986763769613,
      "generation": 5,
<<<<<<< Updated upstream
      "chromosomeId": "850dd2dd-1750-4402-a2d1-8bf3fcf84a3e"
=======
          "attack": 276.84021785197183,
          "decay": 176.5939172036094,
          "sustain": 256.93162666094264,
          "sustainTime": 229.26830138436057,
          "release": 325.4747700942846,
          "frequency": 254.52549549618368
        }
      },
      "fitness": 5.975516683995475,
      "pre_evaluation": 9.073963783290807,
      "generation": 5,
      "chromosomeId": "e333bbe3-8839-4095-acd9-e65894e876ae"
>>>>>>> Stashed changes
=======
          "attack": 276.84021785197183,
          "decay": 176.5939172036094,
          "sustain": 256.93162666094264,
          "sustainTime": 229.26830138436057,