{
  "results": [
    [
      {
        "fmParamsList": {
          "operator1": {
            "attack": 0.0922032935575776,
            "decay": 0,
            "sustain": 0.3476003059470374,
            "sustainTime": 0.2484460924740775,
            "release": 0.0655223001400149,
            "frequency": 647.2494724455298,
            "ratioToFundamentalFrequency": 1.7917478432034415,
            "modulationIndex": 3.9706757027544732
          },
          "operator2": {
            "attack": 0.17929326066039997,
            "decay": 0.09184156385794975,
            "sustain": 1,
            "sustainTime": 0.1565933705231111,
            "release": 0.08090862283610052,
            "frequency": 1275.0375004146492,
            "ratioToFundamentalFrequency": 3.4935270193591137,
            "modulationIndex": 279.41152644704664
          },
          "operator3": {
            "attack": 0.01345116305798731,
            "decay": 0,
            "sustain": 0.552187776898522,
            "sustainTime": 0.3,
            "release": 0.11506859321674769,
            "frequency": 311.5593217613067,
            "ratioToFundamentalFrequency": 4.1300448092750415,
            "modulationIndex": 0
          },
          "operator4": {
            "attack": 0.22209182218843893,
            "decay": 0,
            "sustain": 0.12302001336366886,
            "sustainTime": 0.2531059914753055,
            "release": 0,
            "frequency": 404.4394248614239,
            "ratioToFundamentalFrequency": 4.7545588820004365,
            "modulationIndex": 95.3301080157401
          }
        },
        "algorithmNum": 1,
        "chromosomeId": "922f3657-22cd-4da7-8bd1-b9a9af11757f",
        "fitness": "6",
        "pre_evaluation": 10
      },
      {
        "fmParamsList": {
          "operator1": {
            "attack": 0.1684019086495332,
            "decay": 0.0030024099877275397,
            "sustain": 0.17042789870183675,
            "sustainTime": 0.3,
            "release": 0.253528313536229,
            "frequency": 460.54635711208323,
            "ratioToFundamentalFrequency": 5.075967833283287,
            "modulationIndex": 23.324589028357273
          },
          "operator2": {
            "attack": 0.031059549257633656,
            "decay": 0.07369547725905529,
            "sustain": 0.7423547795234394,
            "sustainTime": 0.036589066733692,
            "release": 0.06430780494796345,
            "frequency": 1061.6126278922725,
            "ratioToFundamentalFrequency": 1.0,
            "modulationIndex": 300
          },
          "operator3": {
            "attack": 0.04675852625557886,
            "decay": 0.00029836104922602226,
            "sustain": 0.3121755606372799,
            "sustainTime": 0.3,
            "release": 0.13962845250994188,
            "frequency": 727.5513243517498,
            "ratioToFundamentalFrequency": 2.8406407237115654,
            "modulationIndex": 0
          },
          "operator4": {
            "attack": 0.24466736062485528,
            "decay": 0.04556638094172133,
            "sustain": 0.8096380249795838,
            "sustainTime": 0.2280506415654297,
            "release": 0.18424331449024395,
            "frequency": 517.5025224055797,
            "ratioToFundamentalFrequency": 3.967629621103703,
            "modulationIndex": 75.8186125031578
          }
        },
        "algorithmNum": 1,
        "chromosomeId": "7f26a314-e126-43d1-8ca6-6e5e88bb30df",
        "fitness": "4",
        "pre_evaluation": 10
      },
      {
        "fmParamsList": {
          "operator1": {
            "attack": 0.06141056766833134,
            "decay": 0.0032940186191917128,
            "sustain": 0.1608452681412752,
            "sustainTime": 0.21981104768672838,
            "release": 0.22177225409176476,
            "frequency": 617.3045703334924,
            "ratioToFundamentalFrequency": 1.1475877638764365,
            "modulationIndex": 255.17720824370147
          },
          "operator2": {
            "attack": 0.16700309090069476,
            "decay": 0.24060374824197037,
            "sustain": 0.9315276238287067,
            "sustainTime": 0.037835021502315554,
            "release": 0.10028240637012134,
            "frequency": 647.2284860115429,
            "ratioToFundamentalFrequency": 1.0100442852250304,
            "modulationIndex": 240.1699550452688
          },
          "operator3": {
            "attack": 0.05298712523160817,
            "decay": 0.06017685531309645,
            "sustain": 0.6792115819401867,
            "sustainTime": 0.06015159368588678,
            "release": 0.35,
            "frequency": 677.9105342321833,
            "ratioToFundamentalFrequency": 4.481731973758258,
            "modulationIndex": 6.389606082649154
          },
          "operator4": {
            "attack": 0.138657289316971,
            "decay": 0.1474036572691212,
            "sustain": 0.5860230702416447,
            "sustainTime": 0.07043183888352422,
            "release": 0.12969409330171322,
            "frequency": 423.7619123055896,
            "ratioToFundamentalFrequency": 1.0200928023917442,
            "modulationIndex": 83.88299284658576
          }
        },
        "algorithmNum": 1,
        "chromosomeId": "a80f9d12-d01c-453c-a53a-5c4122b2169a",
        "fitness": "6",
        "pre_evaluation": 10
      },
      {
        "fmParamsList": {
          "operator1": {
            "attack": 0.16726005547674253,
            "decay": 0.004365566376154005,
            "sustain": 0.5201254551339555,
            "sustainTime": 0.26991629035778975,
            "release": 0.1015745359724541,
            "frequency": 421.91044252828993,
            "ratioToFundamentalFrequency": 4.19712948313799,
            "modulationIndex": 0
          },
          "operator2": {
            "attack": 0.05801312305486252,
            "decay": 0.07700187412928466,
            "sustain": 0.756985986184564,
            "sustainTime": 0,
            "release": 0,
            "frequency": 1261.2775682089523,
            "ratioToFundamentalFrequency": 4.688462752359204,
            "modulationIndex": 300
          },
          "operator3": {
            "attack": 0.15141002971913753,
            "decay": 2.3824726892918613e-05,
            "sustain": 0.20052289493178324,
            "sustainTime": 0.3,
            "release": 0,
            "frequency": 1238.2291020614223,
            "ratioToFundamentalFrequency": 1.7388525808620403,
            "modulationIndex": 0
          },
          "operator4": {
            "attack": 0.0008483946949752498,
            "decay": 0,
            "sustain": 0.2092907346455597,
            "sustainTime": 0.26532651795020606,
            "release": 0.2065241768072926,
            "frequency": 792.0811882031635,
            "ratioToFundamentalFrequency": 3.470178143274931,
            "modulationIndex": 69.67282694823028
          }
        },
        "algorithmNum": 1,
        "chromosomeId": "38def7a7-a024-4e74-b46f-9bd8c6d2670c",
        "fitness": "3",
        "pre_evaluation": 10
      },
      {
        "fmParamsList": {
          "operator1": {
            "attack": 0.09403687706190028,
            "decay": 0.0101461444023375,
            "sustain": 0.945661071082065,
            "sustainTime": 0.20773530995126388,
            "release": 0.05826503871270128,
            "frequency": 557.1368420310312,
            "ratioToFundamentalFrequency": 3.2937673800298715,
            "modulationIndex": 97.36024747418705
          },
          "operator2": {
            "attack": 0.024077096473860058,
            "decay": 0.08202756836135248,
            "sustain": 0.3354172196786559,
            "sustainTime": 0.003448983686627112,
            "release": 0.31888972900935303,
            "frequency": 200,
            "ratioToFundamentalFrequency": 1.8161844101942322,
            "modulationIndex": 300
          },
          "operator3": {
            "attack": 0.11918122597720796,