{
  "results": [
    [
      {
        "fmParamsList": {
          "operator1": {
            "attack": 0.14735304940231989,
            "decay": 0,
            "sustain": 0.7901909906668346,
            "sustainTime": 0.3,
            "release": 0.21653213462130905,
            "frequency": 726.4272920938446,
            "ratioToFundamentalFrequency": 2.3295163656329576,
            "modulationIndex": 0
          },
          "operator2": {
            "attack": 0,
            "decay": 0.15317330474065727,
            "sustain": 0.2257591327781039,
            "sustainTime": 0.11961496863275138,
            "release": 0,
            "frequency": 932.761946355297,
            "ratioToFundamentalFrequency": 1.118959105701294,
            "modulationIndex": 219.22373972644988
          },
          "operator3": {
            "attack": 0,
            "decay": 0.08149262706373268,
            "sustain": 0.47538131283328394,
            "sustainTime": 0.12022901608069747,
            "release": 0.10673849098381306,
            "frequency": 444.3802069701646,
            "ratioToFundamentalFrequency": 4.51583984073601,
            "modulationIndex": 21.415956426331817
          },
          "operator4": {
            "attack": 0.12284896478980287,
            "decay": 0.1704448417668724,
            "sustain": 0.34119712926823914,
            "sustainTime": 0.12899888630956738,
            "release": 0.04810328823033731,
            "frequency": 371.2245797324513,
            "ratioToFundamentalFrequency": 1.772254181691502,
            "modulationIndex": 59.198450104630425
          }
        },
        "algorithmNum": 1,
        "chromosomeId": "c94771ef-df5e-487e-b489-4ad833a296fb",
        "fitness": "7"
      },
      {
        "fmParamsList": {
          "operator1": {
            "attack": 0.11256732398902113,
            "decay": 0,
            "sustain": 0.8542017037051753,
            "sustainTime": 0.23555337130567214,
            "release": 0.2373067044230401,
            "frequency": 749.7187453143177,
            "ratioToFundamentalFrequency": 4.596572059552806,
            "modulationIndex": 235.0362701615343
          },
          "operator2": {
            "attack": 0,
            "decay": 0.18387425774254185,
            "sustain": 0.09748884811193714,
            "sustainTime": 0.11126544011888838,
            "release": 0.08236394966718029,
            "frequency": 1152.9773531118485,
            "ratioToFundamentalFrequency": 3.7493093950341034,
            "modulationIndex": 144.92109201830502
          },
          "operator3": {
            "attack": 0.25,
            "decay": 0.09344567881433852,
            "sustain": 0.8563915981335244,
            "sustainTime": 0.03170786929680845,
            "release": 0.056739624229790814,
            "frequency": 467.6200509839512,
            "ratioToFundamentalFrequency": 3.613941768646489,
            "modulationIndex": 0
          },
          "operator4": {
            "attack": 0,
            "decay": 0,
            "sustain": 0.3410077547998907,
            "sustainTime": 0.11642716872401074,
            "release": 0.20970019356817104,
            "frequency": 399.98681441310856,
            "ratioToFundamentalFrequency": 1.5100351147162159,
            "modulationIndex": 43.83334646143949
          }
        },
        "algorithmNum": 1,
        "chromosomeId": "34bfe831-1b9c-49e4-a941-26da4b6680bf",
        "fitness": "8"
      },
      {
        "fmParamsList": {
          "operator1": {
            "attack": 0.10645393345494399,
            "decay": 0.03773030783928882,
            "sustain": 0.8116717114460686,
            "sustainTime": 0.023634890511445936,
            "release": 0.1995315950822026,
            "frequency": 929.4941863683691,
            "ratioToFundamentalFrequency": 3.0978139776169593,
            "modulationIndex": 143.35885693677972
          },
          "operator2": {
            "attack": 0.20962553186321503,
            "decay": 0.10540983928437195,
            "sustain": 0,
            "sustainTime": 0.18727579783726112,
            "release": 0.05904541304166255,
            "frequency": 697.2404044383306,
            "ratioToFundamentalFrequency": 2.8790282625088848,
            "modulationIndex": 300
          },
          "operator3": {
            "attack": 0.12256298552046668,
            "decay": 0.0846608085393027,
            "sustain": 0.599796984751839,
            "sustainTime": 0.026274407458536708,
            "release": 0.0067405784967007375,
            "frequency": 200,
            "ratioToFundamentalFrequency": 3.543503418923502,
            "modulationIndex": 183.67420459048554
          },
          "operator4": {
            "attack": 0.13473954798438043,
            "decay": 0.08710272747631388,
            "sustain": 0.7488721139838441,
            "sustainTime": 0.007375361146774312,
            "release": 0.039399998875214275,
            "frequency": 400.1914200917721,
            "ratioToFundamentalFrequency": 3.073826409749421,
            "modulationIndex": 300
          }
        },
        "algorithmNum": 1,
        "chromosomeId": "7cb90aa5-a1d0-4f05-9b17-5bb0b53e3350",
        "fitness": "10"
      },
      {
        "fmParamsList": {
          "operator1": {
            "attack": 0.13344502084600574,
            "decay": 0.25,
            "sustain": 0.7584673831317887,
            "sustainTime": 0.29409520757306074,
            "release": 0.13673783457029937,
            "frequency": 794.3517419519142,
            "ratioToFundamentalFrequency": 4.490408914660849,
            "modulationIndex": 300
          },
          "operator2": {
            "attack": 0.11994080480952658,
            "decay": 0.1961500311833434,
            "sustain": 0.29179549701747787,
            "sustainTime": 0.03223689453075872,
            "release": 0,
            "frequency": 1039.2541274881557,
            "ratioToFundamentalFrequency": 3.650444296026944,
            "modulationIndex": 225.38871150476461
          },
          "operator3": {
            "attack": 0,
            "decay": 0.08317324430602234,
            "sustain": 0.48081476906409293,
            "sustainTime": 0.22097900461590983,
            "release": 0,
            "frequency": 812.4918160551069,
            "ratioToFundamentalFrequency": 2.4040241937565683,
            "modulationIndex": 56.321637690162056
          },
          "operator4": {
            "attack": 0.09759219306894937,
            "decay": 0,
            "sustain": 0.18486080385053946,
            "sustainTime": 0.10307466485543518,
            "release": 0.07683425407444336,
            "frequency": 1257.9139538623479,
            "ratioToFundamentalFrequency": 1.1440300164051167,
            "modulationIndex": 44.26769862536352
          }
        },
        "algorithmNum": 1,
        "chromosomeId": "e6f8c0a7-2114-4810-883d-60cb9b013d36",
        "fitness": "8"
      },
      {
        "fmParamsList": {
          "operator1": {
            "attack": 0.1649574747038591,
            "decay": 0.08051786627666332,
            "sustain": 0.655037020727381,
            "sustainTime": 0.3,
            "release": 0.17603040275971726,
            "frequency": 1159.4312378429997,
            "ratioToFundamentalFrequency": 3.6971157521814133,
            "modulationIndex": 266.238511557978
          },
          "operator2": {
            "attack": 0.13658566450177628,
            "decay": 0.14108606489654602,
            "sustain": 0.2872570618287314,
            "sustainTime": 0.019957909569360457,
            "release": 0.3127503739652647,
            "frequency": 1116.1834726531756,
            "ratioToFundamentalFrequency": 5.497850833132139,
            "modulationIndex": 98.12919222899448
          },
          "operator3": {
            "attack": 0,
            "decay": 0.13302238757617085,
            "sustain": 0.5799374441782468,
            "sustainTime": 0.05360274058018027,