{
  "results": [
    {
      "fmParamsList": {
        "operator1": {
<<<<<<< HEAD
          "attack": 274.0298049213163,
          "decay": 278.2777578604728,
          "sustain": 28.778017971977267,
          "sustainTime": 298.9752565598784,
          "release": 214.57589493958125,
          "frequency": 354.52181511721864
        }
      },
      "fitness": -64894.481256414394,
      "pre_evaluation": 9.809207644557906,
      "generation": 1,
      "chromosomeId": "a7d8c5fa-b0b3-43ee-b009-3f3a7c7374c2"
=======
          "attack": 82.80859027020033,
          "decay": 238.8954534091911,
          "sustain": 303.6927267147487,
          "sustainTime": 88.20113742720747,
          "release": 356.24830518161053,
          "frequency": 140.50630375076423
        }
      },
      "fitness": -116736.75921677443,
      "pre_evaluation": 9.813220512841841,
      "generation": 1,
      "chromosomeId": "cde0e11a-6c25-41a7-86bc-82d3a1101475"
>>>>>>> adjust_target
    },
    {
      "fmParamsList": {
        "operator1": {
<<<<<<< HEAD
          "attack": 232.38817153091765,
          "decay": 342.2591056035814,
          "sustain": 93.5172600819517,
          "sustainTime": 309.7985493998714,
          "release": 226.6702085019109,
          "frequency": 361.40052172246044
        }
      },
      "fitness": -49838.98888276628,
      "pre_evaluation": 9.817329125174567,
      "generation": 2,
      "chromosomeId": "a6ce4803-19a9-4e3d-aa5f-30d7d3f6c2cd"
=======
          "attack": 125.61832902300063,
          "decay": 340.633993119886,
          "sustain": 217.2325899353734,
          "sustainTime": 325.6161525799822,
          "release": 395.31821674745953,
          "frequency": 177.31343380968693
        }
      },
      "fitness": -113659.74496942986,
      "pre_evaluation": -138392.19111091096,
      "generation": 2,
      "chromosomeId": "6318476e-2b94-43a7-bd11-6d5db67b69c9"
>>>>>>> adjust_target
    },
    {
      "fmParamsList": {
        "operator1": {
<<<<<<< HEAD
          "attack": 295.586143999647,
          "decay": 343.3151621157931,
          "sustain": 82.79731067781097,
          "sustainTime": 313.47744909983595,
          "release": 255.4956653339883,
          "frequency": 229.86617255785407
        }
      },
      "fitness": -43207.51521118134,
      "pre_evaluation": 9.82081743654374,
      "generation": 3,
      "chromosomeId": "e6292ae5-ba96-41ea-b429-23ed7be6c049"
=======
          "attack": 160.15513883164556,
          "decay": 244.76894645431227,
          "sustain": 258.9308651307548,
          "sustainTime": 110.23143635768197,
          "release": 290.15182969611584,
          "frequency": 200.34994597223505
        }
      },
      "fitness": -74756.52064444835,
      "pre_evaluation": -143972.9796931847,
      "generation": 3,
      "chromosomeId": "d3be430a-bfe4-477c-ac92-adac4cc55cf5"
>>>>>>> adjust_target
    },
    {
      "fmParamsList": {
        "operator1": {
<<<<<<< HEAD
          "attack": 317.72819174920375,
          "decay": 306.4763068824444,
          "sustain": 153.51166167053242,
          "sustainTime": 278.05181015491786,
          "release": 153.42194590209752,
          "frequency": 222.15743018023105
        }
      },
      "fitness": -27976.113910752378,
      "pre_evaluation": 9.823260650855438,
      "generation": 4,
      "chromosomeId": "77183b31-af69-4caa-ae2b-810a0f3b5b97"
=======
          "attack": 244.098798768884,
          "decay": 290.90022397753626,
          "sustain": 311.3990373566447,
          "sustainTime": 374.76925555408013,
          "release": 293.47989444787214,
          "frequency": 193.94191244460575
        }
      },
      "fitness": -73010.50468727176,
      "pre_evaluation": -117033.43228143682,
      "generation": 4,
      "chromosomeId": "75b72032-c5ef-474e-b69f-14bcf5747c06"
>>>>>>> adjust_target
    },
    {
      "fmParamsList": {
        "operator1": {
<<<<<<< HEAD
          "attack": 303.99604559390707,
          "decay": 259.5045724885522,
          "sustain": 243.95212888675542,
          "sustainTime": 312.025739739705,
          "release": 168.0266401092193,
          "frequency": 271.62453235168914
        }
      },
      "fitness": -14076.931104442163,
      "pre_evaluation": 9.824094726935511,
      "generation": 5,
      "chromosomeId": "86e48a5f-b970-4123-bc0a-1c9754791e09"
=======
          "attack": 202.73517139784596,
          "decay": 266.47718551392893,
          "sustain": 270.2041031228389,
          "sustainTime": 76.7003348280376,
          "release": 229.3163956842431,
          "frequency": 243.75695095311184
        }
      },
      "fitness": -65880.45459714238,
      "pre_evaluation": -91204.27882145435,
      "generation": 5,
      "chromosomeId": "b37c1840-578a-4007-86c8-4924ae222f0f"
>>>>>>> adjust_target
    },
    {
      "fmParamsList": {
        "operator1": {
<<<<<<< HEAD
          "attack": 322.01224699380344,
          "decay": 226.6203665864748,
          "sustain": 179.47545035662915,
          "sustainTime": 263.66340687461934,
          "release": 204.31051135511825,
          "frequency": 325.4549374866837
        }
      },
      "fitness": -18673.748729219165,
      "pre_evaluation": 9.82446236410178,
      "generation": 6,
      "chromosomeId": "92facf2f-871e-4667-a74d-3633dffb12fe"
=======
          "attack": 203.99949045574488,
          "decay": 216.83603192647055,
          "sustain": 244.1453465728018,
          "sustainTime": 273.8971480513569,
          "release": 226.12080806271427,
          "frequency": 270.6841871176981
        }
      },
      "fitness": -66748.22402776347,
      "pre_evaluation": -77468.72931844802,
      "generation": 6,
      "chromosomeId": "6124a640-bfb2-42a0-b520-b53aee495fce"
>>>>>>> adjust_target
    },
    {
      "fmParamsList": {
        "operator1": {
<<<<<<< HEAD
          "attack": 237.83794110518755,
          "decay": 179.80728078821312,
          "sustain": 164.01237643279785,
          "sustainTime": 225.47801791722767,
          "release": 198.98739717618236,
          "frequency": 326.2968984824837
        }
      },
      "fitness": -21493.634883815306,
      "pre_evaluation": 9.824658640776782,
      "generation": 7,
      "chromosomeId": "6350467a-164c-40eb-bc87-89e27b774a08"
=======
          "attack": 251.45773741252543,
          "decay": 256.32694698519515,
          "sustain": 283.84380793737415,
          "sustainTime": 316.17488035064844,
          "release": 289.493997986027,
          "frequency": 222.21069762744497
        }
      },
      "fitness": -66019.57979549281,
      "pre_evaluation": -77184.62728245166,
      "generation": 7,
      "chromosomeId": "9aa3c946-fdc2-42d2-9b52-612d16f266fb"
>>>>>>> adjust_target
    },
    {
      "fmParamsList": {
        "operator1": {
<<<<<<< HEAD
          "attack": 220.75965062044742,
          "decay": 240.59408905156764,
          "sustain": 130.80310157812656,
          "sustainTime": 206.2063267068245,
          "release": 232.8553085553612,
          "frequency": 236.52209723619535
        }
      },
      "fitness": -17544.849914154387,
      "pre_evaluation": 9.824779720735398,
      "generation": 8,
      "chromosomeId": "29ef2025-c77b-4f7e-a6b4-e5aa97696a91"
=======
          "attack": 248.08044432808143,
          "decay": 276.5440326992539,
          "sustain": 233.24711003605813,
          "sustainTime": 497.86041410133447,
          "release": 257.950515343776,
          "frequency": 177.82625679918056
        }
      },
      "fitness": -68761.18958991005,
      "pre_evaluation": -73912.88229191845,
      "generation": 8,
      "chromosomeId": "285a2f83-df2a-40bd-bbf5-25c27e39336c"
>>>>>>> adjust_target
    },
    {
      "fmParamsList": {
        "operator1": {
<<<<<<< HEAD
          "attack": 227.03170116259028,
          "decay": 274.4634711951683,
          "sustain": 166.831342022814,
          "sustainTime": 205.96566704227905,
          "release": 161.0942477237259,