{
  "results": [
    {
      "fmParamsList": {
        "operator1": {
          "attack": 432.7159278110501,
          "decay": 193.186968132332,
          "sustain": 197.95633952035112,
          "sustainTime": 152.45567264245807,
          "release": 259.35086414730836,
          "frequency": 272.42501684473035
        }
      },
<<<<<<< HEAD
      "fitness": -49426.589302393666,
      "pre_evaluation": 9.884118447010845,
      "generation": 1,
      "chromosomeId": "0bedc81f-d250-496f-bad7-c32f8fb2eb24"
=======
      "fitness": -102411.69350275835,
      "pre_evaluation": 9.884118447010845,
      "generation": 1,
      "chromosomeId": "acab78a4-38f7-47d3-9e92-f94882450f38"
>>>>>>> adjust_target
    },
    {
      "fmParamsList": {
        "operator1": {
          "attack": 276.81461358040286,
          "decay": 162.6654918076768,
          "sustain": 197.32420022522479,
          "sustainTime": 134.47601541565479,
          "release": 316.8568266661583,
          "frequency": 228.12301139107535
        }
      },
<<<<<<< HEAD
      "fitness": -29415.308621281292,
      "pre_evaluation": 9.878789136669694,
      "generation": 2,
      "chromosomeId": "509cc966-aa01-434a-a983-8c7b3fae7228"
=======
      "fitness": -78569.51760703725,
      "pre_evaluation": -145310.64440395508,
      "generation": 2,
      "chromosomeId": "bf825c98-ee29-4bdf-90e4-a4366cb93f49"
>>>>>>> adjust_target
    },
    {
      "fmParamsList": {
        "operator1": {
<<<<<<< HEAD
          "attack": 216.57345435962543,
          "decay": 158.03075586221078,
          "sustain": 234.26527599920095,
          "sustainTime": 166.64870565306046,
          "release": 266.0515229966639,
          "frequency": 314.30086223736856
        }
      },
      "fitness": -21162.947904397268,
      "pre_evaluation": 9.876473278116348,
      "generation": 3,
      "chromosomeId": "f174147e-7d1b-4764-b2d7-f69b6b7cfce3"
=======
          "attack": 283.69094102307747,
          "decay": 248.9430772041683,
          "sustain": 238.41122280492522,
          "sustainTime": 500,
          "release": 235.91355696707473,
          "frequency": 265.2711396798893
        }
      },
      "fitness": -64202.13193413645,
      "pre_evaluation": -118743.20248264412,
      "generation": 3,
      "chromosomeId": "ff7782e8-764e-449a-aa03-480adf9a4c78"
>>>>>>> adjust_target
    },
    {
      "fmParamsList": {
        "operator1": {
<<<<<<< HEAD
          "attack": 236.1535378838906,
          "decay": 235.30270917888657,
          "sustain": 144.38665246275474,
          "sustainTime": 220.10742416878088,
          "release": 280.2773065210468,
          "frequency": 236.65629727042167
        }
      },
      "fitness": -13550.249831166177,
      "pre_evaluation": 9.874944976101798,
      "generation": 4,
      "chromosomeId": "2c01c103-afc5-441d-a9db-bebc135fb73c"
=======
          "attack": 261.2826343121375,
          "decay": 324.8892934543472,
          "sustain": 211.8708329364386,
          "sustainTime": 140.60444730047726,
          "release": 228.12447272344323,
          "frequency": 248.251296722929
        }
      },
      "fitness": -70171.13414885235,
      "pre_evaluation": -80450.69640974104,
      "generation": 4,
      "chromosomeId": "c23577d3-bc81-4fdd-b70a-fa7039030212"
>>>>>>> adjust_target
    },
    {
      "fmParamsList": {
        "operator1": {
<<<<<<< HEAD
          "attack": 241.68598133350383,
          "decay": 192.9486333041391,
          "sustain": 208.88603272463837,
          "sustainTime": 221.23759011479402,
          "release": 280.198396284396,
          "frequency": 129.9490263646048
        }
      },
      "fitness": -21165.795284732303,
      "pre_evaluation": 9.874459868057297,
      "generation": 5,
      "chromosomeId": "1a451dc5-fd54-4554-80e0-ba49f7825959"
=======
          "attack": 298.7562538216571,
          "decay": 267.01082886072777,
          "sustain": 244.94513456943793,
          "sustainTime": 0,
          "release": 279.5103616940638,
          "frequency": 230.35704138571523
        }
      },
      "fitness": -66448.7995202089,
      "pre_evaluation": -81174.81463169996,
      "generation": 5,
      "chromosomeId": "b234c26a-1491-4b58-96aa-b1c1ee965a91"
>>>>>>> adjust_target
    },
    {
      "fmParamsList": {
        "operator1": {
<<<<<<< HEAD
          "attack": 307.7958592731614,
          "decay": 174.50931827710724,
          "sustain": 232.66201460258054,
          "sustainTime": 284.26683079654237,
          "release": 352.53904487292084,
          "frequency": 196.5832932935105
        }
      },
      "fitness": -23881.62608540815,
      "pre_evaluation": 9.874094228768465,
      "generation": 6,
      "chromosomeId": "f4393321-85eb-4aec-982a-6c76aa3661d3"
=======
          "attack": 224.30103221812504,
          "decay": 223.19120263221996,
          "sustain": 207.16229010666856,
          "sustainTime": 311.09811446092203,
          "release": 239.11002201152544,
          "frequency": 295.47038161192734
        }
      },
      "fitness": -67900.36517478953,
      "pre_evaluation": -90433.70797579052,
      "generation": 6,
      "chromosomeId": "3db4bfb9-f4d2-41cc-af91-9879a6696af9"
>>>>>>> adjust_target
    },
    {
      "fmParamsList": {
        "operator1": {
<<<<<<< HEAD
          "attack": 273.96960735600175,
          "decay": 179.26503086209493,
          "sustain": 198.52678861602448,
          "sustainTime": 264.35796268954766,
          "release": 259.12719712154984,
          "frequency": 234.07640663579815
        }
      },
      "fitness": -8770.487071439216,
      "pre_evaluation": 9.873959849673026,
      "generation": 7,
      "chromosomeId": "f4203ba2-5cc6-4d9d-85b7-e7a0662fd540"
=======
          "attack": 222.37786546658822,
          "decay": 239.64734614074393,
          "sustain": 266.75439898954266,
          "sustainTime": 221.59863420958078,
          "release": 272.5518712787837,
          "frequency": 232.74492256384562
        }
      },
      "fitness": -64457.19423911477,
      "pre_evaluation": -76650.79266755062,
      "generation": 7,
      "chromosomeId": "90c679e7-0882-4761-8a1c-1b8fb1c62904"
>>>>>>> adjust_target
    },
    {
      "fmParamsList": {
        "operator1": {
<<<<<<< HEAD
          "attack": 328.94774629936524,
          "decay": 261.377256597574,
          "sustain": 218.52652547390858,
          "sustainTime": 267.90713572205215,
          "release": 295.35373365478637,
          "frequency": 241.90399590884581
        }
      },
      "fitness": -9795.940160621802,
      "pre_evaluation": 9.873905004547874,
      "generation": 8,
      "chromosomeId": "08af0ad5-6980-44a8-9fd1-690e67c64a67"
=======
          "attack": 253.9291679496622,
          "decay": 218.88155382658158,
          "sustain": 281.80812718204567,
          "sustainTime": 307.3936925397838,
          "release": 235.60387888223744,
          "frequency": 296.31531394644355
        }
      },
      "fitness": -66847.9096170487,
      "pre_evaluation": -78406.4776564886,
      "generation": 8,
      "chromosomeId": "ca83ccd1-f252-4ae9-9a0b-ab064af7fc77"
>>>>>>> adjust_target
    },
    {
      "fmParamsList": {
        "operator1": {
<<<<<<< HEAD
          "attack": 290.074225734585,
          "decay": 192.12334157725306,
          "sustain": 270.3644487433394,
          "sustainTime": 226.26317496892216,
          "release": 301.40899552491123,
          "frequency": 242.30489431397297
        }
      },
      "fitness": -8635.89826598537,
      "pre_evaluation": 9.873875853200493,
      "generation": 9,
      "chromosomeId": "98f7f0eb-ab70-4d84-80d0-f1455ef2eb6e"
=======
          "attack": 201.53532422666342,
          "decay": 252.35387711816415,
          "sustain": 269.3973296761626,
          "sustainTime": 307.30199042430655,
          "release": 236.13719508788114,
          "frequency": 292.1638128035089
        }
      },
      "fitness": -67200.5864040286,
      "pre_evaluation": -71328.0421821964,