{
  "results": [
    {
      "fmParamsList": {
        "operator1": {
<<<<<<< HEAD
          "attack": 80.16906247143402,
          "decay": 305.20365971673664,
          "sustain": 395.4325654316338,
          "sustainTime": 410.94036038593117,
          "release": 154.77175406881372,
          "frequency": 274.477266347248
        }
      },
      "fitness": -88609.97746809741,
      "pre_evaluation": 1.1173368888552364,
      "generation": 1,
      "chromosomeId": "b26e9df4-e83d-4704-a583-1e8276fda2c9"
=======
          "attack": 430.38384747730225,
          "decay": 171.1345371440114,
          "sustain": 329.50203298516107,
          "sustainTime": 201.30651585172475,
          "release": 77.09544109481575,
          "frequency": 264.3312092815552
        }
      },
      "fitness": -137680.03696064567,
      "pre_evaluation": 9.676070958887376,
      "generation": 1,
      "chromosomeId": "fafd4e39-f085-4aee-b1fe-ee4a78c5b7c3"
>>>>>>> adjust_target
    },
    {
      "fmParamsList": {
        "operator1": {
<<<<<<< HEAD
          "attack": 93.44485785665724,
          "decay": 319.7225243272661,
          "sustain": 331.57063252937235,
          "sustainTime": 388.15312242793044,
          "release": 0,
          "frequency": 210.17607791558407
        }
      },
      "fitness": -119196.74102810273,
      "pre_evaluation": 1.1183369313914366,
      "generation": 2,
      "chromosomeId": "cedecea4-ea9b-4774-a6c8-a341653d4504"
=======
          "attack": 402.7218711350783,
          "decay": 194.37727241688856,
          "sustain": 393.0271695635461,
          "sustainTime": 455.7280900345681,
          "release": 197.49048131933114,
          "frequency": 333.995823318646
        }
      },
      "fitness": -119187.17686719657,
      "pre_evaluation": -182465.36616898596,
      "generation": 2,
      "chromosomeId": "1feaec06-057d-4492-947d-da4bef817bb1"
>>>>>>> adjust_target
    },
    {
      "fmParamsList": {
        "operator1": {
<<<<<<< HEAD
          "attack": 168.58201906764867,
          "decay": 239.7020650132142,
          "sustain": 340.5291731577614,
          "sustainTime": 465.4544249888558,
          "release": 104.25378683515014,
          "frequency": 221.82201689827696
        }
      },
      "fitness": -83387.03290757406,
      "pre_evaluation": 1.1188456890610312,
      "generation": 3,
      "chromosomeId": "84202c66-e712-434b-ba97-962800470039"
=======
          "attack": 351.1918507445091,
          "decay": 178.2848974278574,
          "sustain": 345.4830941566738,
          "sustainTime": 60.326137598409346,
          "release": 255.41998854760408,
          "frequency": 254.71951259885444
        }
      },
      "fitness": -87051.51793879108,
      "pre_evaluation": -149371.6660279412,
      "generation": 3,
      "chromosomeId": "1b8fb458-be45-49c8-8bb4-f98c6c86ccff"
>>>>>>> adjust_target
    },
    {
      "fmParamsList": {
        "operator1": {
<<<<<<< HEAD
          "attack": 123.06766191469431,
          "decay": 221.99587073184526,
          "sustain": 331.27208416971814,
          "sustainTime": 346.78654326472355,
          "release": 117.5518477890353,
          "frequency": 120.82116819895974
        }
      },
      "fitness": -67098.51993987412,
      "pre_evaluation": 1.1191341596393365,
      "generation": 4,
      "chromosomeId": "12a45bc3-82b4-41fe-b72f-f1ae3fa56c3e"
=======
          "attack": 292.6916372830521,
          "decay": 141.815003456062,
          "sustain": 291.0237658138675,
          "sustainTime": 199.69718714845658,
          "release": 278.92423672932534,
          "frequency": 293.9835943415113
        }
      },
      "fitness": -80480.6867742433,
      "pre_evaluation": -114214.34148941966,
      "generation": 4,
      "chromosomeId": "6b8c3c8c-19e9-418b-91a3-872e094a4ef0"
>>>>>>> adjust_target
    },
    {
      "fmParamsList": {
        "operator1": {
<<<<<<< HEAD
          "attack": 189.29226517928646,
          "decay": 226.3283140731382,
          "sustain": 310.28236827989247,
          "sustainTime": 246.6240367909313,
          "release": 120.13048149977251,
          "frequency": 173.0776091197749
        }
      },
      "fitness": -30674.2848889147,
      "pre_evaluation": 1.1192296265602726,
      "generation": 5,
      "chromosomeId": "d22d6989-92e0-4e54-b543-a802f10d7074"
=======
          "attack": 238.20653165941877,
          "decay": 160.3789362937771,
          "sustain": 217.0598739765381,
          "sustainTime": 234.18014401268357,
          "release": 255.79247220887814,
          "frequency": 278.5388147338599
        }
      },
      "fitness": -72604.08953848093,
      "pre_evaluation": -108357.28895343113,
      "generation": 5,
      "chromosomeId": "0d15fe4d-78e9-4bae-84ff-b0e9d37b3efe"
>>>>>>> adjust_target
    },
    {
      "fmParamsList": {
        "operator1": {
<<<<<<< HEAD
          "attack": 166.46398109507544,
          "decay": 242.21684477753595,
          "sustain": 397.0081932939747,
          "sustainTime": 226.3591643493347,
          "release": 223.98840173151262,
          "frequency": 177.16258105425248
        }
      },
      "fitness": -35191.03480868079,
      "pre_evaluation": 1.1193018028292128,
      "generation": 6,
      "chromosomeId": "4e066241-0378-4b4c-aea9-93652ce8faf0"
=======
          "attack": 237.43927950334592,
          "decay": 196.96962701567833,
          "sustain": 307.7897767141811,
          "sustainTime": 40.78934792999686,
          "release": 285.57584564695287,
          "frequency": 240.62177968936476
        }
      },
      "fitness": -70163.24226061687,
      "pre_evaluation": -100671.67900475522,
      "generation": 6,
      "chromosomeId": "95d9fd4c-425f-4bd4-8160-68b387e8b3b4"
>>>>>>> adjust_target
    },
    {
      "fmParamsList": {
        "operator1": {
<<<<<<< HEAD
          "attack": 155.2211175262365,
          "decay": 222.66140579105314,
          "sustain": 338.870440350622,
          "sustainTime": 322.25985761838325,
          "release": 206.42646816294348,
          "frequency": 208.62178849973364
        }
      },
      "fitness": -26460.686551155173,
      "pre_evaluation": 1.1193342732533236,
      "generation": 7,
      "chromosomeId": "f9e980b9-81a4-43cd-98da-1faa7872d236"
=======
          "attack": 261.09410569303185,
          "decay": 224.75350442455098,
          "sustain": 296.2351972705031,
          "sustainTime": 132.0491087535016,
          "release": 229.72114987633057,
          "frequency": 238.84293651992186
        }
      },
      "fitness": -65933.87001444839,
      "pre_evaluation": -86324.54427179742,
      "generation": 7,
      "chromosomeId": "71cd5382-3911-4f0c-8f53-80b433cc1515"
>>>>>>> adjust_target
    },
    {
      "fmParamsList": {
        "operator1": {
<<<<<<< HEAD
          "attack": 223.2490447309894,
          "decay": 279.1248274939266,
          "sustain": 314.01198171919475,
          "sustainTime": 271.755425003076,
          "release": 153.1834929576753,
          "frequency": 244.46948283442012
        }
      },
      "fitness": -15538.724161033868,
      "pre_evaluation": 1.119357241513696,
      "generation": 8,
      "chromosomeId": "de4c1f2a-8ade-457f-939e-bab6fd138ccb"
=======
          "attack": 272.0118215432917,
          "decay": 219.41205913700009,
          "sustain": 272.6043965991463,
          "sustainTime": 202.55175516834646,
          "release": 261.0706606945852,
          "frequency": 296.08579767711603
        }
      },
      "fitness": -66677.5614352543,
      "pre_evaluation": -73831.30851553498,
      "generation": 8,
      "chromosomeId": "422cfc17-9dbe-4774-8eb5-1974ce32b924"
>>>>>>> adjust_target
    },
    {
      "fmParamsList": {
        "operator1": {
<<<<<<< HEAD
          "attack": 239.44226209565903,
          "decay": 284.6078893076174,
          "sustain": 333.2737134548181,
          "sustainTime": 237.5314127372836,
          "release": 258.55662604645033,