{
  "results": [
    {
      "fmParamsList": {
        "operator1": {
<<<<<<< HEAD
          "attack": 446.871564358136,
          "decay": 212.9854824064246,
          "sustain": 163.903860346993,
          "sustainTime": 251.25602466757303,
          "release": 208.8716431814198,
          "frequency": 128.68615652757305
        }
      },
      "fitness": -63951.200579269396,
      "pre_evaluation": 1.1805983950833785,
      "generation": 1,
      "chromosomeId": "96202c2b-e65d-483b-afd4-9b8e1f6d8ca8"
=======
          "attack": 177.58244349693592,
          "decay": 226.22511741737898,
          "sustain": 208.08084003364542,
          "sustainTime": 95.02260797979834,
          "release": 449.18769196968725,
          "frequency": 126.65380035282186
        }
      },
      "fitness": -124956.78510358927,
      "pre_evaluation": 9.676070958887376,
      "generation": 1,
      "chromosomeId": "e35ede5c-dc49-4692-a2af-fc1a2095dd57"
>>>>>>> adjust_target
    },
    {
      "fmParamsList": {
        "operator1": {
<<<<<<< HEAD
          "attack": 384.0398478532427,
          "decay": 164.29137116762652,
          "sustain": 154.68680392454996,
          "sustainTime": 232.62194316215135,
          "release": 337.44325573546223,
          "frequency": 84.3155553854465
        }
      },
      "fitness": -69796.91023527319,
      "pre_evaluation": 2.2616670680486592,
      "generation": 2,
      "chromosomeId": "454571d3-7dd1-4a3e-82bb-7cdf6904bd28"
=======
          "attack": 110.03219773058562,
          "decay": 202.3427420517163,
          "sustain": 208.96313347444573,
          "sustainTime": 487.0046328772419,
          "release": 405.5148106351479,
          "frequency": 261.663973081609
        }
      },
      "fitness": -110367.12891644971,
      "pre_evaluation": -160499.2104156097,
      "generation": 2,
      "chromosomeId": "924f5b96-0df3-49cc-a221-f5ca896f5357"
>>>>>>> adjust_target
    },
    {
      "fmParamsList": {
        "operator1": {
<<<<<<< HEAD
          "attack": 380.73643104648517,
          "decay": 180.540691414212,
          "sustain": 125.04722484194785,
          "sustainTime": 252.645942151441,
          "release": 230.56045711025263,
          "frequency": 178.07131282665813
        }
      },
      "fitness": -43088.43884779842,
      "pre_evaluation": 2.6541118265470853,
      "generation": 3,
      "chromosomeId": "777ea76d-2da6-4c3d-99ad-f2f98562dfcc"
=======
          "attack": 191.30850687293602,
          "decay": 169.8842732286323,
          "sustain": 207.65644302649582,
          "sustainTime": 500,
          "release": 288.32881788776115,
          "frequency": 284.0391135612905
        }
      },
      "fitness": -76783.95739146863,
      "pre_evaluation": -162589.71112186802,
      "generation": 3,
      "chromosomeId": "2bf8c5da-def3-4019-855d-b8da731ca153"
>>>>>>> adjust_target
    },
    {
      "fmParamsList": {
        "operator1": {
<<<<<<< HEAD
          "attack": 363.1327074100369,
          "decay": 196.2034466467141,
          "sustain": 230.87711571669917,
          "sustainTime": 195.23734451987758,
          "release": 185.1301494602739,
          "frequency": 236.0559405571439
        }
      },
      "fitness": -23460.246079957346,
      "pre_evaluation": 2.8836252457195526,
      "generation": 4,
      "chromosomeId": "a87d68ba-75ce-4cf3-8380-76378894f86d"
=======
          "attack": 180.77857896008973,
          "decay": 277.902155766022,
          "sustain": 160.69147238543923,
          "sustainTime": 201.91245959385844,
          "release": 336.33709969516406,
          "frequency": 256.57801007019174
        }
      },
      "fitness": -83543.5135321129,
      "pre_evaluation": -121822.15864598336,
      "generation": 4,
      "chromosomeId": "a600843a-c926-4eff-ab55-b89e3806ee03"
>>>>>>> adjust_target
    },
    {
      "fmParamsList": {
        "operator1": {
<<<<<<< HEAD
          "attack": 307.81736754451987,
          "decay": 193.3851676848496,
          "sustain": 353.036501471347,
          "sustainTime": 176.00879110929222,
          "release": 193.50699447884563,
          "frequency": 212.17244553358609
        }
      },
      "fitness": -27261.690406136622,
      "pre_evaluation": 2.966945980804281,
      "generation": 5,
      "chromosomeId": "a4c498e3-c0cf-4825-8cb2-930f4e3788d4"
=======
          "attack": 174.77313327156224,
          "decay": 212.16873325435816,
          "sustain": 139.0879631710686,
          "sustainTime": 497.28554764390543,
          "release": 278.537269615901,
          "frequency": 232.36110454395134
        }
      },
      "fitness": -83017.2725249403,
      "pre_evaluation": -98281.43055599285,
      "generation": 5,
      "chromosomeId": "a6ccc0d4-58d9-4377-a179-c6cca2067c6d"
>>>>>>> adjust_target
    },
    {
      "fmParamsList": {
        "operator1": {
<<<<<<< HEAD
          "attack": 247.0098683795529,
          "decay": 273.10018393331893,
          "sustain": 265.4937516740867,
          "sustainTime": 201.48870663342223,
          "release": 224.76665288261478,
          "frequency": 202.9087373929096
        }
      },
      "fitness": -5990.270130573597,
      "pre_evaluation": 3.0110873385584904,
      "generation": 6,
      "chromosomeId": "552359a6-a9a6-4a3b-9ce3-6a81424354a1"
=======
          "attack": 148.60761521082625,
          "decay": 188.1271742051711,
          "sustain": 200.91357833754063,
          "sustainTime": 220.47202579661112,
          "release": 216.157663745065,
          "frequency": 294.3985450187515
        }
      },
      "fitness": -82134.67357967207,
      "pre_evaluation": -104970.33828728019,
      "generation": 6,
      "chromosomeId": "ff34211c-d0fa-486e-ad00-f38d78c4c3e4"
>>>>>>> adjust_target
    },
    {
      "fmParamsList": {
        "operator1": {
<<<<<<< HEAD
          "attack": 204.37910849070892,
          "decay": 222.13562130141918,
          "sustain": 238.80434173540164,
          "sustainTime": 278.86401548895077,
          "release": 242.71334104095712,
          "frequency": 232.9700201703123
        }
      },
      "fitness": -4159.27910826946,
      "pre_evaluation": 3.0292059654253114,
      "generation": 7,
      "chromosomeId": "581762be-7b96-4416-baa6-28e010aa4085"
=======
          "attack": 170.0649654513804,
          "decay": 244.59670017627153,
          "sustain": 193.42318643397897,
          "sustainTime": 213.52716598744752,
          "release": 256.3204323232954,
          "frequency": 295.3967126718766
        }
      },
      "fitness": -74220.5506167247,
      "pre_evaluation": -94316.75974421774,
      "generation": 7,
      "chromosomeId": "a9c0533e-d41a-4f6d-a2a5-591d045b6781"
>>>>>>> adjust_target
    },
    {
      "fmParamsList": {
        "operator1": {
<<<<<<< HEAD
          "attack": 240.23722955610356,
          "decay": 195.32330771511346,
          "sustain": 269.1833400962184,
          "sustainTime": 282.7832175169507,
          "release": 221.60018487727564,
          "frequency": 157.62308466024155
        }
      },
      "fitness": -13867.636240661086,
      "pre_evaluation": 3.035641838878388,
      "generation": 8,
      "chromosomeId": "60bc3560-1fb0-45b8-8ad1-d7c95f4afe39"
=======
          "attack": 241.85449799101235,
          "decay": 273.5979803823843,
          "sustain": 178.2579806393601,
          "sustainTime": 348.9079427441877,
          "release": 312.13185665324596,
          "frequency": 297.4645488598995
        }
      },
      "fitness": -74383.38223270154,
      "pre_evaluation": -102265.37934994942,
      "generation": 8,
      "chromosomeId": "ccd2997a-e0cd-40ce-8699-c7ef8fe562dc"
>>>>>>> adjust_target
    },
    {
      "fmParamsList": {
        "operator1": {
<<<<<<< HEAD
          "attack": 272.48902410779664,
          "decay": 193.70315737492928,
          "sustain": 241.01570607346778,
          "sustainTime": 332.5285807318502,
          "release": 195.32902281529317,