{
  "results": [
    {
      "fmParamsList": {
        "operator1": {
          "attack": 116.28497026443685,
          "decay": 183.755905057564,
          "sustain": 183.1962249131237,
          "sustainTime": 163.74778220627272,
          "release": 189.73203986346448,
          "frequency": 342.8716727279727
        }
      },
<<<<<<< HEAD
      "fitness": -46427.55334643023,
      "pre_evaluation": 9.884118447010845,
      "generation": 1,
      "chromosomeId": "8b7622ed-c3d6-4348-9290-ce0c535fe4d4"
=======
      "fitness": -101488.10827209367,
      "pre_evaluation": 9.884118447010845,
      "generation": 1,
      "chromosomeId": "1cc7cebf-ebcd-41a2-bd7b-2bef1d411f57"
>>>>>>> adjust_target
    },
    {
      "fmParamsList": {
        "operator1": {
<<<<<<< HEAD
          "attack": 132.95186630233147,
          "decay": 167.49300110831675,
          "sustain": 235.88012716938528,
          "sustainTime": 270.257525654698,
          "release": 241.25967418734493,
          "frequency": 415.25020729552426
        }
      },
      "fitness": -48501.43292914808,
      "pre_evaluation": 9.140932031100155,
      "generation": 2,
      "chromosomeId": "a5d142cd-aba8-49b9-883f-ea2710365afe"
=======
          "attack": 149.84669625131556,
          "decay": 137.65790893094348,
          "sustain": 282.990169035191,
          "sustainTime": 329.30606339314204,
          "release": 230.62389905154134,
          "frequency": 298.3596464730151
        }
      },
      "fitness": -88953.86962547478,
      "pre_evaluation": -169680.12465408418,
      "generation": 2,
      "chromosomeId": "b4053e62-b515-4109-a235-c52818163b3f"
>>>>>>> adjust_target
    },
    {
      "fmParamsList": {
        "operator1": {
<<<<<<< HEAD
          "attack": 170.24948637767068,
          "decay": 139.19529658050428,
          "sustain": 357.0933107940831,
          "sustainTime": 337.3525923537022,
          "release": 248.62177095911937,
          "frequency": 291.2368898029393
        }
      },
      "fitness": -39439.65992656676,
      "pre_evaluation": 8.705042454241044,
      "generation": 3,
      "chromosomeId": "38bdecd1-d98e-4b2d-b259-3d1d12cbb385"
=======
          "attack": 190.6619712891021,
          "decay": 116.8258271317087,
          "sustain": 269.4097891988253,
          "sustainTime": 0,
          "release": 256.7379118188549,
          "frequency": 233.50984985537536
        }
      },
      "fitness": -84450.42639466263,
      "pre_evaluation": -107234.95946526101,
      "generation": 3,
      "chromosomeId": "d229fa49-2098-4dee-80d6-1b4014e6b04b"
>>>>>>> adjust_target
    },
    {
      "fmParamsList": {
        "operator1": {
<<<<<<< HEAD
          "attack": 260.16224374865715,
          "decay": 89.30184644232804,
          "sustain": 274.60280340131357,
          "sustainTime": 290.9167176437878,
          "release": 214.47725507145552,
          "frequency": 270.54942465818897
        }
      },
      "fitness": -29890.7877338384,
      "pre_evaluation": 8.588056362769638,
      "generation": 4,
      "chromosomeId": "7bb6dc09-3e2f-4b32-817e-c0d9a10f50ab"
=======
          "attack": 228.05487397044914,
          "decay": 217.52813654293362,
          "sustain": 290.5214923403082,
          "sustainTime": 314.59844547293983,
          "release": 236.69487395802966,
          "frequency": 288.27368004522674
        }
      },
      "fitness": -67319.90277750998,
      "pre_evaluation": -111578.79917639022,
      "generation": 4,
      "chromosomeId": "6a021ff5-6447-45ea-a199-d68c34261588"
>>>>>>> adjust_target
    },
    {
      "fmParamsList": {
        "operator1": {
<<<<<<< HEAD
          "attack": 267.2902741476154,
          "decay": 122.49098673872561,
          "sustain": 222.90940854001656,
          "sustainTime": 298.6498821612813,
          "release": 188.89198161012223,
          "frequency": 279.95824498452623
        }
      },
      "fitness": -24289.899577012373,
      "pre_evaluation": 8.570920700641157,
      "generation": 5,
      "chromosomeId": "e7e55387-56aa-4617-bbcf-7fe662f4c603"
=======
          "attack": 240.95774063862916,
          "decay": 210.00310667823948,
          "sustain": 277.19952515992634,
          "sustainTime": 247.51081589785366,
          "release": 254.7740601135175,
          "frequency": 246.63821814778305
        }
      },
      "fitness": -64955.42132586543,
      "pre_evaluation": -78247.91747900323,
      "generation": 5,
      "chromosomeId": "683d0d3b-fc76-4179-98ab-493e23b6ee2d"
>>>>>>> adjust_target
    },
    {
      "fmParamsList": {
        "operator1": {
<<<<<<< HEAD
          "attack": 253.73723981269177,
          "decay": 164.78404400208876,
          "sustain": 286.0277875651822,
          "sustainTime": 220.05154269395362,
          "release": 256.3997417993121,
          "frequency": 296.9881022031231
        }
      },
      "fitness": -11719.476133658492,
      "pre_evaluation": 8.534038059096464,
      "generation": 6,
      "chromosomeId": "7473915a-8e05-4051-81df-cdc8d59baa47"
=======
          "attack": 268.547103472785,
          "decay": 233.46870663062361,
          "sustain": 272.1464637777904,
          "sustainTime": 500,
          "release": 294.6303946420734,
          "frequency": 304.16646090355823
        }
      },
      "fitness": -68533.62217827949,
      "pre_evaluation": -74441.28329598458,
      "generation": 6,
      "chromosomeId": "8a5a6273-6b03-4c2a-a770-4140ea4d7f6c"
>>>>>>> adjust_target
    },
    {
      "fmParamsList": {
        "operator1": {
<<<<<<< HEAD
          "attack": 240.0857707637265,
          "decay": 169.83341809574065,
          "sustain": 284.19025260573636,
          "sustainTime": 213.43022554565567,
          "release": 295.7933753148905,
          "frequency": 321.85022231710457
        }
      },
      "fitness": -16290.782242195157,
      "pre_evaluation": 8.531224208026105,
      "generation": 7,
      "chromosomeId": "ec673214-4caa-4607-b4e8-153ffccbfe2b"
=======
          "attack": 287.94690862012186,
          "decay": 223.55137072785726,
          "sustain": 263.613060630695,
          "sustainTime": 103.95349479067703,
          "release": 268.7015047356408,
          "frequency": 253.70236350686184
        }
      },
      "fitness": -65188.26705884824,
      "pre_evaluation": -74436.67026511606,
      "generation": 7,
      "chromosomeId": "7a550e41-df96-48d2-b500-ae837a1d3d02"
>>>>>>> adjust_target
    },
    {
      "fmParamsList": {
        "operator1": {
<<<<<<< HEAD
          "attack": 225.17703754233153,
          "decay": 234.32333654228322,
          "sustain": 310.43899620942807,
          "sustainTime": 166.40448240202446,
          "release": 273.74147644765867,
          "frequency": 256.2364680646452
        }
      },
      "fitness": -12105.571305454097,
      "pre_evaluation": 8.52111880154968,
      "generation": 8,
      "chromosomeId": "fe743f5d-97dc-4ed2-9d0c-da4e0e285edb"
=======
          "attack": 295.0111131148374,
          "decay": 208.91347755700127,
          "sustain": 244.08811961839953,
          "sustainTime": 297.3817666970125,
          "release": 257.8247780281927,
          "frequency": 235.5389862445613
        }
      },
      "fitness": -66519.40102996756,
      "pre_evaluation": -71119.54064490463,
      "generation": 8,
      "chromosomeId": "f982aa4c-d25f-4868-a5f5-a3f14d6f16ba"
>>>>>>> adjust_target
    },
    {
      "fmParamsList": {
        "operator1": {
<<<<<<< HEAD
          "attack": 193.88503888811255,
          "decay": 256.1837711521194,
          "sustain": 291.2866863206242,
          "sustainTime": 202.78675681362793,
          "release": 246.53746262683129,
          "frequency": 229.31811491411088
        }
      },
      "fitness": -7560.538221530065,
      "pre_evaluation": 8.51946440045014,
      "generation": 9,
      "chromosomeId": "a9ed35ff-5fbb-4676-8c8e-ed0a8d761b4b"
=======
          "attack": 243.58061762390616,
          "decay": 225.7015994350135,