{
  "results": [
    {
      "fmParamsList": {
        "operator1": {
<<<<<<< HEAD
          "attack": 334.2014808952358,
          "decay": 235.54810307156626,
          "sustain": 282.6180532405944,
          "sustainTime": 382.4994287080128,
          "release": 317.3591600002954,
          "frequency": 276.7897003289979
        }
      },
      "fitness": 5.938406314828079,
      "pre_evaluation": 0.0,
      "generation": 1,
      "chromosomeId": "007afc20-66f1-4e51-b9c1-d7c1005d985f"
=======
          "attack": 190.51061304824123,
          "decay": 150.75604457393825,
          "sustain": 315.14129655944424,
          "sustainTime": 180.9063052766952,
          "release": 43.8249596580505,
          "frequency": 59.00295106025766
        }
      },
      "fitness": 1.4459586165300091,
      "pre_evaluation": 0.0,
      "generation": 1,
      "chromosomeId": "63a985d2-d5fe-4a96-9274-b616a49df615"
>>>>>>> adjust_target
    },
    {
      "fmParamsList": {
        "operator1": {
<<<<<<< HEAD
          "attack": 323.33686688510966,
          "decay": 358.0604795876732,
          "sustain": 490.6978266403292,
          "sustainTime": 394.52864149158876,
          "release": 282.60116496005867,
          "frequency": 328.48971552841033
        }
      },
      "generation": 1,
      "chromosomeId": "e153a6df-0aa4-4863-aafa-c694ed9f3cb8",
      "fitness": 5.8015222072266175
=======
          "attack": 240.96383094085814,
          "decay": 400.3210771503965,
          "sustain": 313.80048903017286,
          "sustainTime": 230.72977425469247,
          "release": 44.194823763803356,
          "frequency": 294.9585503765637
        }
      },
      "generation": 1,
      "chromosomeId": "588fcbfd-3043-49d5-91ed-a422a5d1f567",
      "fitness": 3.033842990933221
>>>>>>> adjust_target
    },
    {
      "fmParamsList": {
        "operator1": {
<<<<<<< HEAD
          "attack": 84.54089803845145,
          "decay": 187.0726562744311,
          "sustain": 270.7495805913411,
          "sustainTime": 155.21441868731802,
          "release": 214.22022088683218,
          "frequency": 322.56284730630705
        }
      },
      "generation": 2,
      "chromosomeId": "d963b886-2c46-4e00-8ffa-f7b268d44e24",
      "fitness": 5.907128680451549
=======
          "attack": 321.0326540813503,
          "decay": 344.68218738479584,
          "sustain": 404.5961942807261,
          "sustainTime": 272.86306391185536,
          "release": 258.3203488388632,
          "frequency": 325.03534143511797
        }
      },
      "generation": 2,
      "chromosomeId": "e0441364-4040-42de-8f97-d7399ebf74b2",
      "fitness": 2.7506957156034817
>>>>>>> adjust_target
    },
    {
      "fmParamsList": {
        "operator1": {
<<<<<<< HEAD
          "attack": 132.07393454623434,
          "decay": 155.2398309061365,
          "sustain": 301.9514348921075,
          "sustainTime": 8.430601669616806,
          "release": 283.42773013740276,
          "frequency": 309.9934222704893
        }
      },
      "generation": 3,
      "chromosomeId": "ecb01182-022b-4fab-9918-1f3f33ac2e02",
      "fitness": 5.829824997834933
=======
          "attack": 315.2171250814838,
          "decay": 254.9038507160088,
          "sustain": 158.12455243476447,
          "sustainTime": 471.33720840455396,
          "release": 270.99119221637477,
          "frequency": 172.7970204379681
        }
      },
      "generation": 3,
      "chromosomeId": "a78fccca-94f4-4ac1-a7d7-bea27ed4106a",
      "fitness": 2.82648178178799
>>>>>>> adjust_target
    },
    {
      "fmParamsList": {
        "operator1": {
<<<<<<< HEAD
          "attack": 229.61190701073076,
          "decay": 195.21781710963612,
          "sustain": 15.727941681495828,
          "sustainTime": 116.14365281782536,
          "release": 467.8344620702825,
          "frequency": 316.58320005173414
        }
      },
      "generation": 4,
      "chromosomeId": "b44aa473-36c6-4308-b856-ca478701cb12",
      "fitness": 5.7546603559787615
=======
          "attack": 274.2644139650309,
          "decay": 217.1654708732549,
          "sustain": 274.39503011768176,
          "sustainTime": 473.6408912639781,
          "release": 169.59311618427745,
          "frequency": 349.5688886338434
        }
      },
      "generation": 4,
      "chromosomeId": "a6b4e229-4c72-49b0-9fd8-f74a632d5dd3",
      "fitness": 2.994904624853293
>>>>>>> adjust_target
    },
    {
      "fmParamsList": {
        "operator1": {
<<<<<<< HEAD
          "attack": 173.07801690764776,
          "decay": 24.794727541374712,
          "sustain": 273.01849459049345,
          "sustainTime": 428.49473603855404,
          "release": 323.13023371907417,
          "frequency": 318.5805795656836
        }
      },
      "generation": 5,
      "chromosomeId": "f7c8ad00-1175-42cd-b7a2-d969cacd2f14",
      "fitness": 5.808982114906623
=======
          "attack": 221.55712776712633,
          "decay": 6.408094947364816,
          "sustain": 302.81243932133435,
          "sustainTime": 285.2462437116723,
          "release": 397.21360828776164,
          "frequency": 325.32206727442656
        }
      },
      "generation": 5,
      "chromosomeId": "a68e6f85-1f6d-40f9-b515-024a6bee8a80",
      "fitness": 2.5377040072938275
>>>>>>> adjust_target
    },
    {
      "fmParamsList": {
        "operator1": {
<<<<<<< HEAD
          "attack": 272.06499386431426,
          "decay": 109.41673972656852,
          "sustain": 331.69193467944916,
          "sustainTime": 159.40881598333544,
          "release": 351.7910594928735,
          "frequency": 277.7500040462484
        }
      },
      "generation": 6,
      "chromosomeId": "a899cd8b-15aa-4730-8634-523f996494a9",
      "fitness": 5.9086838911181285
=======
          "attack": 252.5199183023865,
          "decay": 284.2806297636075,
          "sustain": 473.8860443388796,
          "sustainTime": 176.3435677718684,
          "release": 256.39585404761954,
          "frequency": 425.5810697691249
        }
      },
      "generation": 6,
      "chromosomeId": "c7efdefe-bc5a-4aa2-b01a-d9a719a97589",
      "fitness": 3.1211560746330274
>>>>>>> adjust_target
    },
    {
      "fmParamsList": {
        "operator1": {
<<<<<<< HEAD
          "attack": 233.73569774452903,
          "decay": 85.75989991585308,
          "sustain": 275.65275058879655,
          "sustainTime": 392.69211594187766,
          "release": 277.0284157233898,
          "frequency": 327.87699587334714
        }
      },
      "generation": 7,
      "chromosomeId": "2c17aa9c-08f9-4a0e-8441-0ddcab52cd55",
      "fitness": 5.892215195677763
=======
          "attack": 328.6320913134623,
          "decay": 10.525880265373047,
          "sustain": 338.744855072424,
          "sustainTime": 279.2693239952954,
          "release": 220.6159698815474,
          "frequency": 264.88018696737544
        }
      },
      "generation": 7,
      "chromosomeId": "2e680630-f262-49b6-b43a-90705d81bc54",
      "fitness": 3.1379822436116207
>>>>>>> adjust_target
    },
    {
      "fmParamsList": {
        "operator1": {
<<<<<<< HEAD
          "attack": 310.64350132465137,
          "decay": 167.9194291038773,
          "sustain": 296.95086050950243,
          "sustainTime": 500,
          "release": 315.32682598685864,
          "frequency": 314.04076321774386
        }
      },
      "generation": 8,
      "chromosomeId": "1be795a9-02c8-4dea-a2f2-bb05cb007416",
      "fitness": 5.8407177317007495
=======
          "attack": 250.32551446492454,
          "decay": 190.45065894653592,
          "sustain": 331.4537256977501,
          "sustainTime": 241.49902424673732,
          "release": 253.36554224387464,
          "frequency": 351.47362961752964
        }
      },
      "generation": 8,
      "chromosomeId": "caa13148-53b1-46be-86e0-17902b0a1015",
      "fitness": 3.8682124735940016
>>>>>>> adjust_target
    }
  ]
}