{
  "results": [
    {
      "fmParamsList": {
        "operator1": {
<<<<<<< HEAD
          "attack": 386.97802427798166,
          "decay": 219.43921987602616,
          "sustain": 429.2989599556912,
          "sustainTime": 348.684014529682,
          "release": 47.088673943824766,
          "frequency": 487.811175818378
        }
      },
      "fitness": 5.693748960753556,
      "pre_evaluation": 0.0,
      "generation": 1,
      "chromosomeId": "69bd66ff-69af-40f2-9f64-fe99cd3e4453"
=======
          "attack": 341.52447662122734,
          "decay": 372.3810779539086,
          "sustain": 483.754866217105,
          "sustainTime": 162.91267906907598,
          "release": 185.22985301743444,
          "frequency": 94.73567954214285
        }
      },
      "fitness": 0.8968637877562722,
      "pre_evaluation": 0.0,
      "generation": 1,
      "chromosomeId": "656ae229-db07-44fd-855b-6174a2a341b4"
>>>>>>> adjust_target
    },
    {
      "fmParamsList": {
        "operator1": {
<<<<<<< HEAD
          "attack": 321.1316128884942,
          "decay": 75.68026140863458,
          "sustain": 428.8446386271976,
          "sustainTime": 364.94924763235883,
          "release": 218.60620755087353,
          "frequency": 31.94746983141886
        }
      },
      "generation": 1,
      "chromosomeId": "8b22dac5-6bf3-4ce1-8b1e-023d7e77aaf8",
      "fitness": 5.750237087060044
=======
          "attack": 253.6749256528288,
          "decay": 402.26598229564183,
          "sustain": 500,
          "sustainTime": 226.58129649480816,
          "release": 308.3720806645864,
          "frequency": 158.09824986686374
        }
      },
      "generation": 1,
      "chromosomeId": "8988f093-93a9-4006-a274-2d04de985916",
      "fitness": 2.5936552744127805
>>>>>>> adjust_target
    },
    {
      "fmParamsList": {
        "operator1": {
<<<<<<< HEAD
          "attack": 396.72013387003,
          "decay": 440.70668877557887,
          "sustain": 212.95539622589692,
          "sustainTime": 187.99477136497492,
          "release": 193.80375983462562,
          "frequency": 345.26048536282667
        }
      },
      "generation": 2,
      "chromosomeId": "ae99d8bc-96d4-4df9-9a34-1cb12c1f8338",
      "fitness": 5.853022193263909
=======
          "attack": 300.94140263512384,
          "decay": 11.196394838628692,
          "sustain": 302.8248426280693,
          "sustainTime": 217.6303123967988,
          "release": 320.2498283325862,
          "frequency": 155.35797145272235
        }
      },
      "generation": 2,
      "chromosomeId": "94c13fd1-a606-4fb8-b56d-dd74818cf1a5",
      "fitness": 2.5177774165668616
>>>>>>> adjust_target
    },
    {
      "fmParamsList": {
        "operator1": {
<<<<<<< HEAD
          "attack": 159.63599130531352,
          "decay": 268.66657640435085,
          "sustain": 366.7788338308966,
          "sustainTime": 500,
          "release": 164.46221459714923,
          "frequency": 86.92255318909822
        }
      },
      "generation": 3,
      "chromosomeId": "c3800597-c3e4-4c26-bf52-dfdfd92b65f6",
      "fitness": 5.772369964334501
=======
          "attack": 424.7304814664069,
          "decay": 244.48146921304308,
          "sustain": 85.89415952246048,
          "sustainTime": 249.9001336444486,
          "release": 279.29650706856944,
          "frequency": 109.03311137525111
        }
      },
      "generation": 3,
      "chromosomeId": "7de3546e-4999-49f1-a218-849e57c278d0",
      "fitness": 2.8617941957645474
>>>>>>> adjust_target
    },
    {
      "fmParamsList": {
        "operator1": {
<<<<<<< HEAD
          "attack": 395.2591239302918,
          "decay": 438.1621161553816,
          "sustain": 219.62093874682435,
          "sustainTime": 315.98824138030557,
          "release": 235.7076994468403,
          "frequency": 337.9591050281679
        }
      },
      "generation": 4,
      "chromosomeId": "b3d736ed-aec3-44cd-987a-d568342caa2c",
      "fitness": 5.864038418403187
=======
          "attack": 293.8850303487653,
          "decay": 234.27766633060048,
          "sustain": 443.62793324560533,
          "sustainTime": 108.34195168790815,
          "release": 305.1280319048508,
          "frequency": 228.1766035469198
        }
      },
      "generation": 4,
      "chromosomeId": "73a4b45e-e80c-462c-8bd6-e52fdf238af2",
      "fitness": 3.104398747741289
>>>>>>> adjust_target
    },
    {
      "fmParamsList": {
        "operator1": {
<<<<<<< HEAD
          "attack": 420.74266531873275,
          "decay": 289.8993602599684,
          "sustain": 228.78919523300314,
          "sustainTime": 134.65154046894827,
          "release": 218.45368584175148,
          "frequency": 260.733696627613
        }
      },
      "generation": 5,
      "chromosomeId": "3e0ff810-e769-4ad1-89a6-f214e2fa251c",
      "fitness": 5.9108045271983105
=======
          "attack": 0,
          "decay": 3.7800323373161504,
          "sustain": 351.1753284517734,
          "sustainTime": 463.867645951075,
          "release": 265.81670651435024,
          "frequency": 256.3002420340731
        }
      },
      "generation": 5,
      "chromosomeId": "ef288774-53fe-4854-b8e0-6d11e1e2fbcf",
      "fitness": 2.072490161423066
>>>>>>> adjust_target
    },
    {
      "fmParamsList": {
        "operator1": {
<<<<<<< HEAD
          "attack": 420.546510980828,
          "decay": 295.81208358936414,
          "sustain": 259.79742699222606,
          "sustainTime": 140.4495070672843,
          "release": 347.41262729866526,
          "frequency": 256.44458136509513
        }
      },
      "generation": 6,
      "chromosomeId": "b2edca9c-97e8-4eb4-9107-001fcb66cd39",
      "fitness": 5.896507389814392
=======
          "attack": 440.705891817024,
          "decay": 115.04670397782984,
          "sustain": 248.04654412615477,
          "sustainTime": 358.30561201145525,
          "release": 292.9404213386039,
          "frequency": 281.45038463264234
        }
      },
      "generation": 6,
      "chromosomeId": "d0e537f9-886c-4e0b-8ca7-a5233af6e857",
      "fitness": 2.6339608316806755
>>>>>>> adjust_target
    },
    {
      "fmParamsList": {
        "operator1": {
<<<<<<< HEAD
          "attack": 397.34027775494235,
          "decay": 373.88186463621435,
          "sustain": 232.45459634370835,
          "sustainTime": 307.6723177015751,
          "release": 177.90739850750583,
          "frequency": 272.97848928136466
        }
      },
      "generation": 7,
      "chromosomeId": "06183e7e-6a6e-4996-9d2d-f39235767456",
      "fitness": 5.908641671970772
=======
          "attack": 500,
          "decay": 66.6906544293708,
          "sustain": 307.4406107410683,
          "sustainTime": 217.96803761676995,
          "release": 286.3072647629924,
          "frequency": 249.27653216076095
        }
      },
      "generation": 7,
      "chromosomeId": "f4f4cb6b-17ca-4f9a-8a54-5233e31beecc",
      "fitness": 3.1007401191095285
>>>>>>> adjust_target
    },
    {
      "fmParamsList": {
        "operator1": {
<<<<<<< HEAD
          "attack": 398.7081950778006,
          "decay": 335.5683814266706,
          "sustain": 231.86169215858956,
          "sustainTime": 199.2328162770282,
          "release": 305.947151572711,
          "frequency": 312.2044504045681
        }
      },
      "generation": 8,
      "chromosomeId": "2f003033-0975-4424-b06c-cee19a36279b",
      "fitness": 5.9224496927125685
=======
          "attack": 415.6371157427226,
          "decay": 201.8509877331498,
          "sustain": 243.21254764900686,
          "sustainTime": 243.61143554885717,
          "release": 194.4098587492511,
          "frequency": 271.2522771497487
        }
      },
      "generation": 8,
      "chromosomeId": "10b6217e-c460-4d14-8e28-db665133730f",
      "fitness": 4.068433426144721
>>>>>>> adjust_target
    }
  ]
}