{
  "results": [
    {
      "fmParamsList": {
        "operator1": {
          "attack": 184.48419802093974,
          "decay": 318.76381637280844,
          "sustain": 352.08160547027194,
          "sustainTime": 413.43524830457073,
          "release": 195.32155538050822,
          "frequency": 159.9509107855846
        }
      },
      "fitness": 1.688912489336087,
      "pre_evaluation": 0.0,
      "generation": 1,
<<<<<<< HEAD
      "chromosomeId": "929a0310-b36c-489e-b0eb-2b4a8534aa53"
=======
<<<<<<< Updated upstream
      "chromosomeId": "a6f714cc-b5ea-499c-a305-635db3eebf02"
=======
      "chromosomeId": "0286dd1d-e857-4736-b8d3-a365233eb2b1"
>>>>>>> Stashed changes
>>>>>>> 48cc9645188e66c6d303585185c05a9d50e645d1
    },
    {
      "fmParamsList": {
        "operator1": {
          "attack": 198.48866261778306,
          "decay": 500,
          "sustain": 495.76967404465825,
          "sustainTime": 413.63240412046827,
          "release": 212.4981373572095,
          "frequency": 201.28512730365873
        }
      },
      "generation": 2,
<<<<<<< HEAD
      "chromosomeId": "debb571d-9182-4966-a70a-082f2fa08617",
=======
<<<<<<< Updated upstream
      "chromosomeId": "99e01911-38ca-4fc6-8dc6-785220b8e73f",
=======
      "chromosomeId": "c95095f6-856c-4e1d-bd30-99d4beab4bfd",
>>>>>>> Stashed changes
>>>>>>> 48cc9645188e66c6d303585185c05a9d50e645d1
      "fitness": 1.9698711824996007
    },
    {
      "fmParamsList": {
        "operator1": {
          "attack": 175.45682590251135,
          "decay": 439.466956583347,
          "sustain": 282.9387160606035,
          "sustainTime": 500,
          "release": 261.7562352772595,
          "frequency": 233.72518863678647
        }
      },
      "generation": 3,
<<<<<<< HEAD
      "chromosomeId": "588240fd-1c6c-4290-abc8-637973115ae8",
=======
<<<<<<< Updated upstream
      "chromosomeId": "21be32fd-dbb4-4082-b13f-e6ee1c4aa824",
=======
      "chromosomeId": "7b5827b9-b1ef-401c-8458-f662b2d974ed",
>>>>>>> Stashed changes
>>>>>>> 48cc9645188e66c6d303585185c05a9d50e645d1
      "fitness": 3.055962449873988
    },
    {
      "fmParamsList": {
        "operator1": {
          "attack": 208.49680811992565,
          "decay": 445.16231702649594,
          "sustain": 300.37926359451086,
          "sustainTime": 230.73102442968315,
          "release": 244.91735061333821,
          "frequency": 0
        }
      },
      "generation": 4,
<<<<<<< HEAD
      "chromosomeId": "97a14a06-067d-4018-a6ca-1ab1d4b1d180",
=======
<<<<<<< Updated upstream
      "chromosomeId": "804f1fbb-9640-4b08-a0ee-a19a24820f65",
=======
      "chromosomeId": "2d539bc1-3ed2-4f28-9f61-2f6417145377",
>>>>>>> Stashed changes
>>>>>>> 48cc9645188e66c6d303585185c05a9d50e645d1
      "fitness": 3.234276049855278
    },
    {
      "fmParamsList": {
        "operator1": {
          "attack": 88.66538507083723,
          "decay": 230.97324337125755,
          "sustain": 252.0144665435545,
          "sustainTime": 422.25264529291053,
          "release": 292.1421721837056,
          "frequency": 183.64931137052548
        }
      },
      "generation": 5,
<<<<<<< HEAD
      "chromosomeId": "ade7eb30-cf3f-4c5e-8d0e-5e1d8f7c409b",
=======
<<<<<<< Updated upstream
      "chromosomeId": "d7d37db5-39e4-4c76-9822-53936ccab28d",
=======
      "chromosomeId": "aa1af969-fab6-4a76-881e-efafa9c82d11",
>>>>>>> Stashed changes
>>>>>>> 48cc9645188e66c6d303585185c05a9d50e645d1
      "fitness": 3.053097561127871
    },
    {
      "fmParamsList": {
        "operator1": {
          "attack": 190.27508421363976,
          "decay": 238.30085849886234,
          "sustain": 280.25746577637796,
          "sustainTime": 368.5851581124502,
          "release": 118.73559633986974,
          "frequency": 210.73035898378154
        }
      },
      "generation": 6,
<<<<<<< HEAD
      "chromosomeId": "d2da2aea-7889-4f8f-8f5c-59480bd26bc1",
=======
<<<<<<< Updated upstream
      "chromosomeId": "e0a48032-e1bc-406f-a349-ffb5ab50ba4e",
=======
      "chromosomeId": "082f9b76-c427-49a8-8531-4e694eeb7f76",
>>>>>>> Stashed changes
>>>>>>> 48cc9645188e66c6d303585185c05a9d50e645d1
      "fitness": 3.12218092410931
    },
    {
      "fmParamsList": {
        "operator1": {
          "attack": 500,
          "decay": 261.71429406377,
          "sustain": 282.7964361497659,
          "sustainTime": 323.4129315754244,
          "release": 267.0749184012366,
          "frequency": 271.54651248696973
        }
      },
      "generation": 7,
<<<<<<< HEAD
      "chromosomeId": "aabe8ec8-391f-4319-a76f-5c990e7df8b9",
=======
<<<<<<< Updated upstream
      "chromosomeId": "b8e07d8f-1b2e-4d99-9730-224bd4d0cc4f",
=======
      "chromosomeId": "add7457b-156d-4404-abdf-141899a9114e",
>>>>>>> Stashed changes
>>>>>>> 48cc9645188e66c6d303585185c05a9d50e645d1
      "fitness": 3.9743746000468807
    },
    {
      "fmParamsList": {
        "operator1": {
          "attack": 153.8993090663338,
          "decay": 262.2506707236598,
          "sustain": 282.45866987810587,
          "sustainTime": 390.0708831156194,
          "release": 265.3214206794189,
          "frequency": 228.87139583437812
        }
      },
      "generation": 8,
<<<<<<< HEAD
      "chromosomeId": "322a42f4-7122-4a6b-aec0-89d2ecf4a75e",
=======
<<<<<<< Updated upstream
      "chromosomeId": "a80a0449-2b08-4d43-94b3-55699365136d",
=======
      "chromosomeId": "4b420ca2-10c8-4aa5-a321-0459743b46f9",
>>>>>>> Stashed changes
>>>>>>> 48cc9645188e66c6d303585185c05a9d50e645d1
      "fitness": 3.8266199804706176
    },
    {
      "fmParamsList": {
        "operator1": {
          "attack": 236.17121356443002,
          "decay": 258.4766750700995,
          "sustain": 284.8724171848566,
          "sustainTime": 403.0980865296857,
          "release": 282.5690710677185,
          "frequency": 228.5303191958331
        }
      },
      "generation": 9,
<<<<<<< HEAD
      "chromosomeId": "7d99f4f0-d441-44a2-9ad3-e3414d32a0bf",
=======
<<<<<<< Updated upstream
      "chromosomeId": "7e850274-bbf8-4d51-9516-38e4ed8cb17c",
=======
      "chromosomeId": "f509ca5e-b1ea-499c-b2f8-081ee3c47adb",
>>>>>>> Stashed changes
>>>>>>> 48cc9645188e66c6d303585185c05a9d50e645d1
      "fitness": 4.462291870915357
    }
  ]
}