{
  "results": [
    {
      "fmParamsList": {
        "operator1": {
<<<<<<< HEAD
          "attack": 445.39624543926243,
          "decay": 446.7233198489316,
          "sustain": 259.4291801932245,
          "sustainTime": 157.9645259153965,
          "release": 386.006216055494,
          "frequency": 330.8306315838805
        }
      },
      "fitness": 5.785724876011868,
      "pre_evaluation": 0.0,
      "generation": 1,
      "chromosomeId": "55970fe6-0860-4419-b5bc-97f7ad7f9a23"
=======
          "attack": 433.8694768880056,
          "decay": 301.5535786693628,
          "sustain": 187.09202170359134,
          "sustainTime": 325.9655127899871,
          "release": 433.74531587616246,
          "frequency": 123.91978147567906
        }
      },
      "fitness": 1.400130511344927,
      "pre_evaluation": 0.0,
      "generation": 1,
      "chromosomeId": "5158bd0f-aa52-465c-a3c5-e28dd7c917f3"
>>>>>>> adjust_target
    },
    {
      "fmParamsList": {
        "operator1": {
<<<<<<< HEAD
          "attack": 263.1404672568658,
          "decay": 47.10658603277802,
          "sustain": 284.99113756614014,
          "sustainTime": 102.18464652169189,
          "release": 465.88558064299434,
          "frequency": 273.5146710559929
        }
      },
      "generation": 1,
      "chromosomeId": "8fdbda22-a4db-4064-9799-502723cc02fa",
      "fitness": 5.7853118747509775
=======
          "attack": 45.277437689118166,
          "decay": 303.2033191686082,
          "sustain": 497.2521378113838,
          "sustainTime": 202.9233183067734,
          "release": 273.42040023856055,
          "frequency": 229.15684166421076
        }
      },
      "generation": 1,
      "chromosomeId": "48df2c8d-6cd0-467d-9185-ffd7ba3577aa",
      "fitness": 3.022790316104682
>>>>>>> adjust_target
    },
    {
      "fmParamsList": {
        "operator1": {
<<<<<<< HEAD
          "attack": 83.3714068716106,
          "decay": 116.44347253240333,
          "sustain": 185.9324160220035,
          "sustainTime": 240.1541926167678,
          "release": 322.9073021587375,
          "frequency": 113.85360837004112
        }
      },
      "generation": 2,
      "chromosomeId": "c8d356c4-5b21-4e07-9b9e-9272ee72a569",
      "fitness": 5.855600480534898
=======
          "attack": 466.35625311206104,
          "decay": 136.09748299945025,
          "sustain": 234.056740924692,
          "sustainTime": 273.4386544787557,
          "release": 117.56147170562832,
          "frequency": 256.0933116534532
        }
      },
      "generation": 2,
      "chromosomeId": "a4801430-c827-4655-bf11-74c20e33e756",
      "fitness": 2.9436887922043993
>>>>>>> adjust_target
    },
    {
      "fmParamsList": {
        "operator1": {
<<<<<<< HEAD
          "attack": 288.7179114413372,
          "decay": 388.2602045667038,
          "sustain": 325.50992312743756,
          "sustainTime": 416.02565118880733,
          "release": 295.8342595416615,
          "frequency": 267.5238767202709
        }
      },
      "generation": 3,
      "chromosomeId": "ae06450a-5ceb-47ec-8a55-1ec6e86bd3c9",
      "fitness": 5.889713752359516
=======
          "attack": 214.87216163909204,
          "decay": 249.39298332153135,
          "sustain": 232.5544836018586,
          "sustainTime": 181.20018047473184,
          "release": 181.06861747653682,
          "frequency": 256.7998948278412
        }
      },
      "generation": 3,
      "chromosomeId": "bffd167a-6685-4b8b-b710-bd7a52430b8f",
      "fitness": 4.487618159274631
>>>>>>> adjust_target
    },
    {
      "fmParamsList": {
        "operator1": {
<<<<<<< HEAD
          "attack": 344.9730521202715,
          "decay": 103.01337305354797,
          "sustain": 7.448055811296372,
          "sustainTime": 76.04919293328554,
          "release": 205.20575359373416,
          "frequency": 256.19430263771
        }
      },
      "generation": 4,
      "chromosomeId": "76727ad9-f820-4006-a38f-718dfbcc5c09",
      "fitness": 5.766023092376381
=======
          "attack": 209.12504554814328,
          "decay": 290.43051343509177,
          "sustain": 85.28737561263084,
          "sustainTime": 240.33995407398334,
          "release": 217.20470124348785,
          "frequency": 211.0964856240478
        }
      },
      "generation": 4,
      "chromosomeId": "ea4f0594-bdb8-4e04-8c8f-a33201d8362b",
      "fitness": 3.9682713756180643
>>>>>>> adjust_target
    },
    {
      "fmParamsList": {
        "operator1": {
<<<<<<< HEAD
          "attack": 173.72492489080844,
          "decay": 188.7239821730688,
          "sustain": 166.41305570595804,
          "sustainTime": 274.87222951886594,
          "release": 189.12701644472293,
          "frequency": 269.52226760249897
        }
      },
      "generation": 5,
      "chromosomeId": "4b3ca6b2-80e1-4fae-b8ac-57e461552559",
      "fitness": 5.957691823059625
=======
          "attack": 208.77986763654837,
          "decay": 180.68402025668502,
          "sustain": 234.34272236461214,
          "sustainTime": 322.25052937695193,
          "release": 209.04376149467637,
          "frequency": 236.99757962344464
        }
      },
      "generation": 5,
      "chromosomeId": "58d0a3bf-16a2-4253-b639-db99c3ae4e35",
      "fitness": 4.080363250093148
>>>>>>> adjust_target
    },
    {
      "fmParamsList": {
        "operator1": {
<<<<<<< HEAD
          "attack": 175.0699142938845,
          "decay": 159.85781829934473,
          "sustain": 179.10159079670228,
          "sustainTime": 172.74177212190313,
          "release": 253.06814739262666,
          "frequency": 269.99196431291824
        }
      },
      "generation": 6,
      "chromosomeId": "e67c8b33-82ed-49e0-abd6-ddcf23d645d4",
      "fitness": 5.950026521996382
=======
          "attack": 278.2020056284519,
          "decay": 257.89987342432676,
          "sustain": 200.86130016745693,
          "sustainTime": 145.1678961521889,
          "release": 271.6374789859924,
          "frequency": 273.8971825598733
        }
      },
      "generation": 6,
      "chromosomeId": "19019b96-1b9a-4a38-88f6-9e6db4ed6648",
      "fitness": 4.371220062093537
>>>>>>> adjust_target
    },
    {
      "fmParamsList": {
        "operator1": {
<<<<<<< HEAD
          "attack": 430.36633680486034,
          "decay": 400.6111767395951,
          "sustain": 267.76445445930113,
          "sustainTime": 105.21846183979068,
          "release": 279.6891266076927,
          "frequency": 299.2454977720218
        }
      },
      "generation": 7,
      "chromosomeId": "e71be4dd-bffd-4ed7-9e9c-566b468e7cc5",
      "fitness": 5.844366188104968
=======
          "attack": 270.3892480997986,
          "decay": 261.2827791391739,
          "sustain": 138.44627652189286,
          "sustainTime": 200.32703741194806,
          "release": 246.22623201419105,
          "frequency": 273.58492490955666
        }
      },
      "generation": 7,
      "chromosomeId": "c454fc5d-6d16-4911-aede-5aec687a6eb8",
      "fitness": 4.480453997885897
>>>>>>> adjust_target
    },
    {
      "fmParamsList": {
        "operator1": {
<<<<<<< HEAD
          "attack": 428.5488476600761,
          "decay": 401.52465612755753,
          "sustain": 195.08795776843635,
          "sustainTime": 476.1520306227095,
          "release": 224.68084209307779,
          "frequency": 318.07958016051583
        }
      },
      "generation": 8,
      "chromosomeId": "18f4e4c5-3f8b-40e9-87d1-44c0f7300690",
      "fitness": 5.779597164738161
=======
          "attack": 240.5626813863046,
          "decay": 254.16279595817477,
          "sustain": 243.1799415693912,
          "sustainTime": 200.73514215644977,
          "release": 239.78680390296694,
          "frequency": 282.2115148119269
        }
      },
      "generation": 8,
      "chromosomeId": "1399072b-09f5-4a23-bfd3-1fd91bcd5363",
      "fitness": 5.377027765637164
>>>>>>> adjust_target
    }
  ]
}