{
  "results": [
    {
      "fmParamsList": {
        "operator1": {
<<<<<<< HEAD
          "attack": 292.0489844563678,
          "decay": 324.92330077741,
          "sustain": 42.22216056994454,
          "sustainTime": 207.90370108530482,
          "release": 20.80708693094624,
          "frequency": 246.99540962225947
        }
      },
      "fitness": 5.799300729441314,
      "pre_evaluation": 0.0,
      "generation": 1,
      "chromosomeId": "5fbf7f95-973c-4d60-bae0-929fe5c348ee"
=======
          "attack": 445.39624543926243,
          "decay": 446.7233198489316,
          "sustain": 157.9645259153965,
          "sustainTime": 386.006216055494,
          "release": 330.8306315838805,
          "frequency": 186.82886443685504
        }
      },
      "fitness": 0.9302984848243995,
      "pre_evaluation": 0.0,
      "generation": 1,
      "chromosomeId": "256b2bfa-f5b9-4e27-be9b-4e5f8d710892"
>>>>>>> adjust_target
    },
    {
      "fmParamsList": {
        "operator1": {
<<<<<<< HEAD
          "attack": 27.01116223453438,
          "decay": 352.896527517204,
          "sustain": 52.170461241478634,
          "sustainTime": 186.63571924984117,
          "release": 214.3599008916963,
          "frequency": 322.32819545109874
        }
      },
      "generation": 1,
      "chromosomeId": "1e0df0c8-b4fd-482d-bf20-becfcab42be0",
      "fitness": 5.788152807164433
=======
          "attack": 415.7131136437607,
          "decay": 234.06095270602552,
          "sustain": 173.38858807521726,
          "sustainTime": 238.6313599788122,
          "release": 0,
          "frequency": 185.96997834706383
        }
      },
      "generation": 1,
      "chromosomeId": "3e7db4fe-7285-4d8f-aeec-d642affef004",
      "fitness": 2.6786794340024414
>>>>>>> adjust_target
    },
    {
      "fmParamsList": {
        "operator1": {
<<<<<<< HEAD
          "attack": 192.82786385211492,
          "decay": 330.1156072250277,
          "sustain": 0,
          "sustainTime": 272.95131848601216,
          "release": 500,
          "frequency": 50.255393807572325
        }
      },
      "generation": 2,
      "chromosomeId": "4535034c-7981-489e-8a12-59aa2849f378",
      "fitness": 5.667974723130026
=======
          "attack": 434.7161969180435,
          "decay": 236.97180673849672,
          "sustain": 129.18146209069874,
          "sustainTime": 162.05453570473938,
          "release": 288.43989566970794,
          "frequency": 443.6695037937284
        }
      },
      "generation": 2,
      "chromosomeId": "12018bd7-275f-4465-9e17-8864b4c3bb8f",
      "fitness": 1.9792790414731325
>>>>>>> adjust_target
    },
    {
      "fmParamsList": {
        "operator1": {
<<<<<<< HEAD
          "attack": 71.79081027090511,
          "decay": 33.79226596877666,
          "sustain": 240.89816102652796,
          "sustainTime": 207.34790435922082,
          "release": 158.3959310380931,
          "frequency": 276.3111036218505
        }
      },
      "generation": 3,
      "chromosomeId": "51e33174-fa14-44d8-82d4-f80e249d4ca5",
      "fitness": 5.8273802104949874
=======
          "attack": 500,
          "decay": 244.90626164303728,
          "sustain": 499.4976938124413,
          "sustainTime": 282.7571453844214,
          "release": 240.52264880362782,
          "frequency": 193.93103621344622
        }
      },
      "generation": 3,
      "chromosomeId": "01be3051-be2d-47df-bc94-21275d2be4ad",
      "fitness": 3.317147622343694
>>>>>>> adjust_target
    },
    {
      "fmParamsList": {
        "operator1": {
<<<<<<< HEAD
          "attack": 91.72896457370713,
          "decay": 188.67986338504497,
          "sustain": 182.7454590707738,
          "sustainTime": 262.45027271273756,
          "release": 115.9187382930059,
          "frequency": 469.2136378903891
        }
      },
      "generation": 4,
      "chromosomeId": "5b5682fc-b5a9-46b8-aab5-f4a055ceeb32",
      "fitness": 5.80737514077177
=======
          "attack": 284.71730216355905,
          "decay": 252.8101598883564,
          "sustain": 273.825448011563,
          "sustainTime": 482.84328781037846,
          "release": 245.62627875662514,
          "frequency": 194.5755788557308
        }
      },
      "generation": 4,
      "chromosomeId": "5fec22e1-0e1f-420c-82fb-14b015a0b2b9",
      "fitness": 4.214075575600929
>>>>>>> adjust_target
    },
    {
      "fmParamsList": {
        "operator1": {
<<<<<<< HEAD
          "attack": 64.37457526907185,
          "decay": 182.34644873899214,
          "sustain": 195.42869865925775,
          "sustainTime": 265.6139487296346,
          "release": 69.69715038154749,
          "frequency": 500
        }
      },
      "generation": 5,
      "chromosomeId": "41ebbca5-eb60-48a4-a3c6-2bf737e98520",
      "fitness": 5.737416545383608
=======
          "attack": 185.65873091244217,
          "decay": 265.3135514331094,
          "sustain": 346.66205387425845,
          "sustainTime": 479.74606086450507,
          "release": 269.2434216705279,
          "frequency": 222.43655004608155
        }
      },
      "generation": 5,
      "chromosomeId": "061378c1-f014-40dd-84f3-7a89525186f6",
      "fitness": 3.333116814944538
>>>>>>> adjust_target
    },
    {
      "fmParamsList": {
        "operator1": {
<<<<<<< HEAD
          "attack": 366.80121058359646,
          "decay": 322.79021624362656,
          "sustain": 213.31000052846431,
          "sustainTime": 352.86191223846777,
          "release": 282.25467559280906,
          "frequency": 455.1041446464984
        }
      },
      "generation": 6,
      "chromosomeId": "95405a2f-0e25-4342-8c73-e8638b31c44b",
      "fitness": 5.856143625059932
=======
          "attack": 276.3552716649225,
          "decay": 243.60322040406027,
          "sustain": 211.8313374375187,
          "sustainTime": 500,
          "release": 242.75782310804703,
          "frequency": 170.03124051723108
        }
      },
      "generation": 6,
      "chromosomeId": "f58a6b8e-880d-4866-adca-0decfe1aa132",
      "fitness": 3.877270919608821
>>>>>>> adjust_target
    },
    {
      "fmParamsList": {
        "operator1": {
<<<<<<< HEAD
          "attack": 121.33857413426622,
          "decay": 89.23046750629906,
          "sustain": 110.39554317234266,
          "sustainTime": 318.91216939844605,
          "release": 287.36429217755676,
          "frequency": 331.37406692510785
        }
      },
      "generation": 7,
      "chromosomeId": "022fceb1-a121-45e4-bf8a-263afce1aa55",
      "fitness": 5.853428058105766
=======
          "attack": 199.73165346383337,
          "decay": 265.96951743207234,
          "sustain": 491.61476699602315,
          "sustainTime": 302.722397909757,
          "release": 247.73203418063298,
          "frequency": 215.31203720818232
        }
      },
      "generation": 7,
      "chromosomeId": "3e18838e-f3b6-44e2-93bd-ff6ab907f372",
      "fitness": 3.9121840539311146
>>>>>>> adjust_target
    },
    {
      "fmParamsList": {
        "operator1": {
<<<<<<< HEAD
          "attack": 38.292435291578755,
          "decay": 447.1356397629218,
          "sustain": 202.43658017719437,
          "sustainTime": 343.16976053959854,
          "release": 224.21036309770807,
          "frequency": 229.25374154067507
        }
      },
      "generation": 8,
      "chromosomeId": "cb615b05-2512-475e-81ac-f9b283509285",
      "fitness": 5.815563510596175
=======
          "attack": 324.8998998770615,
          "decay": 152.07852383581923,
          "sustain": 0,
          "sustainTime": 269.94292540123035,
          "release": 220.75307546534822,
          "frequency": 256.1912208517846
        }
      },
      "generation": 8,
      "chromosomeId": "f2a02966-d2c4-4bba-8e49-50914d17def4",
      "fitness": 3.2312305759304087
>>>>>>> adjust_target
    }
  ]
}