{
  "results": [
    {
      "fmParamsList": {
        "operator1": {
<<<<<<< HEAD
          "attack": 280.7673578115391,
          "decay": 153.95900444107474,
          "sustain": 119.59312769209119,
          "sustainTime": 281.52476496610427,
          "release": 161.68983799288713,
          "frequency": 69.5334833439236
        }
      },
      "generation": 8,
      "chromosomeId": "221b7a48-8893-4897-ad7d-bb9c31d9bfd5",
      "fitness": 5.865867617121962
=======
          "attack": 255.45989415776586,
          "decay": 80.74806063441312,
          "sustain": 119.59312769209119,
          "sustainTime": 281.52476496610427,
          "release": 112.49509954741706,
          "frequency": 0
        }
      },
      "generation": 8,
      "chromosomeId": "12233650-a270-4930-9669-bd80ee0bff50",
      "fitness": -0.8743005205910466
>>>>>>> adjust_target
    },
    {
      "fmParamsList": {
        "operator1": {
<<<<<<< HEAD
          "attack": 376.6381061069759,
          "decay": 121.17948234002864,
          "sustain": 344.97999628578145,
          "sustainTime": 233.12530255631887,
          "release": 410.4092342047405,
=======
          "attack": 499.1081125170557,
          "decay": 54.483187682334375,
          "sustain": 237.1929684492962,
          "sustainTime": 248.99960266417628,
          "release": 392.14856184873577,
>>>>>>> adjust_target
          "frequency": 253.98556759904938
        }
      },
      "generation": 8,
<<<<<<< HEAD
      "chromosomeId": "95a47c36-a63a-4444-b20b-bcf7952d18c1",
      "fitness": 5.865867617121962
=======
      "chromosomeId": "0ced2bcc-1f04-4eb5-83d1-28fee3452886",
      "fitness": 2.722526462307925
>>>>>>> adjust_target
    },
    {
      "fmParamsList": {
        "operator1": {
<<<<<<< HEAD
          "attack": 409.90829438683306,
          "decay": 262.2409974974124,
          "sustain": 394.7122071379584,
          "sustainTime": 306.08902120446777,
          "release": 189.1550975509823,
          "frequency": 332.554846233146
        }
      },
      "generation": 8,
      "chromosomeId": "110331c3-e8d1-473f-a4ed-e99bdccbb215",
      "fitness": 5.865867617121962
=======
          "attack": 500,
          "decay": 76.77786653182204,
          "sustain": 334.34187854009656,
          "sustainTime": 259.64584112832006,
          "release": 314.5392897369662,
          "frequency": 253.01639647801153
        }
      },
      "generation": 8,
      "chromosomeId": "737dcf8e-5b16-4a67-b382-d7b12357d4d8",
      "fitness": 2.743168482622389
>>>>>>> adjust_target
    },
    {
      "fmParamsList": {
        "operator1": {
<<<<<<< HEAD
          "attack": 300.56944144544855,
          "decay": 121.78233246874967,
          "sustain": 401.4892988570108,
          "sustainTime": 500,
          "release": 182.80610882411452,
          "frequency": 51.650803671576625
        }
      },
      "generation": 8,
      "chromosomeId": "ef722142-4886-4912-8c3b-cc97de75d07c",
      "fitness": 5.865867617121962
=======
          "attack": 280.91176930887315,
          "decay": 76.1854814420829,
          "sustain": 390.8150291328584,
          "sustainTime": 500,
          "release": 273.15954448197874,
          "frequency": 0
        }
      },
      "generation": 8,
      "chromosomeId": "37b24fcd-3bdf-4bc4-a498-0b35eb4681a3",
      "fitness": -0.8743005205910466
>>>>>>> adjust_target
    },
    {
      "fmParamsList": {
        "operator1": {
<<<<<<< HEAD
          "attack": 297.83454589880824,
          "decay": 72.03327868290475,
          "sustain": 369.43944773634473,
          "sustainTime": 500,
          "release": 460.7166515826149,
=======
          "attack": 282.2065008512002,
          "decay": 82.76782765095393,
          "sustain": 296.5426016308947,
          "sustainTime": 488.32828929830913,
          "release": 273.37608629107166,
>>>>>>> adjust_target
          "frequency": 267.0363749094595
        }
      },
      "generation": 8,
<<<<<<< HEAD
      "chromosomeId": "677954ab-2562-415c-8917-6dcbaf8d5a7e",
      "fitness": 5.865867617121962
=======
      "chromosomeId": "355f5281-72ec-4461-b497-a63067f99eef",
      "fitness": 2.4445621031004836
>>>>>>> adjust_target
    },
    {
      "fmParamsList": {
        "operator1": {
<<<<<<< HEAD
          "attack": 344.3614604268955,
          "decay": 142.19441612607466,
          "sustain": 232.24817926351017,
          "sustainTime": 285.1879015399586,
          "release": 163.2470762994728,
          "frequency": 262.9785994849004
        }
      },
      "generation": 8,
      "chromosomeId": "7cb811ef-40ba-4d14-80b0-0962711e48ae",
      "fitness": 5.865867617121962
=======
          "attack": 355.86487596875384,
          "decay": 128.01780541530417,
          "sustain": 232.24817926351017,
          "sustainTime": 284.2784288531784,
          "release": 41.39968527787123,
          "frequency": 187.58601638666698
        }
      },
      "generation": 8,
      "chromosomeId": "4c383cdd-a673-4819-a54e-785a05bc3c29",
      "fitness": 3.1210252551258852
>>>>>>> adjust_target
    },
    {
      "fmParamsList": {
        "operator1": {
<<<<<<< HEAD
          "attack": 411.6912420158062,
          "decay": 126.73603297446937,
          "sustain": 378.55478425723993,
          "sustainTime": 234.79454460306903,
          "release": 500,
=======
          "attack": 282.92575726793535,
          "decay": 72.34116707908079,
          "sustain": 294.35345325304536,
          "sustainTime": 267.10502363812657,
          "release": 312.1846580928636,
>>>>>>> adjust_target
          "frequency": 211.4307599784534
        }
      },
      "generation": 8,
<<<<<<< HEAD
      "chromosomeId": "735288ac-eab0-4cc6-912d-8df5429f6e96",
      "fitness": 5.865867617121962
=======
      "chromosomeId": "a21a14b0-a6a2-450c-9577-cb0d83710146",
      "fitness": 3.628885705082094
>>>>>>> adjust_target
    },
    {
      "fmParamsList": {
        "operator1": {
<<<<<<< HEAD
          "attack": 264.4777982797641,
          "decay": 89.76530597312528,
          "sustain": 368.5866068554657,
          "sustainTime": 354.13334670762055,
          "release": 184.26918384201184,
          "frequency": 150.62809572180043
        }
      },
      "generation": 8,
      "chromosomeId": "8d35d016-5c5e-4221-a17e-021c60b1dad1",
      "fitness": 5.865867617121962
=======
          "attack": 357.2126295415197,
          "decay": 73.63353536766303,
          "sustain": 228.82422462412984,
          "sustainTime": 253.3095051413019,
          "release": 298.23478283424595,
          "frequency": 0
        }
      },
      "generation": 8,
      "chromosomeId": "e421503a-beb6-4837-b189-cc8569656816",
      "fitness": -0.8743005205910466
>>>>>>> adjust_target
    },
    {
      "fmParamsList": {
        "operator1": {
<<<<<<< HEAD
          "attack": 370.36802921936317,
          "decay": 242.98541815589726,
          "sustain": 377.89866562987726,
          "sustainTime": 452.12060354332624,
          "release": 167.84527529632794,
          "frequency": 234.7550497892011
        }
      },
      "generation": 8,
      "chromosomeId": "ec8ce39a-fc97-4fd7-b4c5-5506e5a7562e",
      "fitness": 5.865867617121962
=======
          "attack": 288.7038493813829,
          "decay": 78.32425344883721,
          "sustain": 150.70915697306097,
          "sustainTime": 278.13091909641014,
          "release": 303.67888605629577,
          "frequency": 97.75350253588962
        }
      },
      "generation": 8,
      "chromosomeId": "3a2a22d2-37f8-4e05-8273-3aab59fb2821",
      "fitness": 1.207715483966582
>>>>>>> adjust_target
    },
    {
      "fmParamsList": {
        "operator1": {
<<<<<<< HEAD
          "attack": 355.10890155249683,
          "decay": 154.10251168270898,
          "sustain": 384.96679849466886,
          "sustainTime": 284.43400373370184,
          "release": 165.7969386045576,
          "frequency": 79.71769025011976
        }
      },
      "generation": 8,