{
  "results": [
    {
      "fmParamsList": {
        "operator1": {
          "attack": 367.57509362095567,
          "decay": 217.80591157673467,
          "sustain": 263.58001305488835,
          "sustainTime": 237.91853673574036,
          "release": 434.00162339483137,
          "frequency": 295.850510693724
        }
      },
      "generation": 9,
<<<<<<< HEAD
      "chromosomeId": "0c968716-87b6-4189-9e80-8ceaca79c863",
=======
<<<<<<< Updated upstream
      "chromosomeId": "5d3da57f-0ef0-4806-95bc-4d7980d27796",
=======
      "chromosomeId": "d8d7e1f2-be95-409e-bda9-fc38a1d55705",
>>>>>>> Stashed changes
>>>>>>> 48cc9645188e66c6d303585185c05a9d50e645d1
      "fitness": 3.397030231835213
    },
    {
      "fmParamsList": {
        "operator1": {
          "attack": 471.55996820732264,
          "decay": 173.48314967538897,
          "sustain": 244.98942515071792,
          "sustainTime": 299.18874994077163,
          "release": 385.1324185439594,
          "frequency": 292.49196355467694
        }
      },
      "generation": 9,
<<<<<<< HEAD
      "chromosomeId": "9b5daa42-7012-4491-8f72-8268881f1179",
=======
<<<<<<< Updated upstream
      "chromosomeId": "ff996a68-9465-46ff-8df0-083efcd1bb47",
=======
      "chromosomeId": "5d727967-9113-4f6b-8e66-699d20fb42e0",
>>>>>>> Stashed changes
>>>>>>> 48cc9645188e66c6d303585185c05a9d50e645d1
      "fitness": 3.3537693300787312
    },
    {
      "fmParamsList": {
        "operator1": {
          "attack": 426.9715619977019,
          "decay": 219.61143258770778,
          "sustain": 422.8540998914474,
          "sustainTime": 229.03623167546004,
          "release": 397.4357729251506,
          "frequency": 288.65042487029945
        }
      },
      "generation": 9,
<<<<<<< HEAD
      "chromosomeId": "370b8126-e483-4b45-869b-ab7c927774ff",
=======
<<<<<<< Updated upstream
      "chromosomeId": "ebedadc4-2c16-4f96-99a6-3ff1d2bea172",
=======
      "chromosomeId": "d7806753-d73c-4710-8d10-ac3b8405a22a",
>>>>>>> Stashed changes
>>>>>>> 48cc9645188e66c6d303585185c05a9d50e645d1
      "fitness": 3.1293200575719977
    },
    {
      "fmParamsList": {
        "operator1": {
          "attack": 463.57875437971455,
          "decay": 195.17639100815862,
          "sustain": 337.75628102420177,
          "sustainTime": 313.0267926275329,
          "release": 353.0570879938437,
          "frequency": 298.79121915024876
        }
      },
      "generation": 9,
<<<<<<< HEAD
      "chromosomeId": "608fed64-eb51-4f04-97dc-45af6e7a7d2f",
=======
<<<<<<< Updated upstream
      "chromosomeId": "d353ea59-666d-4695-94d3-511bcb01bc4b",
=======
      "chromosomeId": "85e3d202-b8e3-451f-98e0-f5c7a423f4c1",
>>>>>>> Stashed changes
>>>>>>> 48cc9645188e66c6d303585185c05a9d50e645d1
      "fitness": 3.2252136947779158
    },
    {
      "fmParamsList": {
        "operator1": {
          "attack": 442.0564814752361,
          "decay": 153.7892257701315,
          "sustain": 263.22963144628875,
          "sustainTime": 393.0260799894413,
          "release": 444.66357175704627,
          "frequency": 274.96200886584035
        }
      },
      "generation": 9,
<<<<<<< HEAD
      "chromosomeId": "249ec3b2-fd3b-4528-8b1d-74f5cd32b35d",
=======
<<<<<<< Updated upstream
      "chromosomeId": "cce11c05-4d1f-42b2-81ab-227e4a494bb7",
=======
      "chromosomeId": "449a355a-15d0-49d3-be2d-35c52ce5bb11",
>>>>>>> Stashed changes
>>>>>>> 48cc9645188e66c6d303585185c05a9d50e645d1
      "fitness": 2.329548073896597
    },
    {
      "fmParamsList": {
        "operator1": {
          "attack": 329.8847558480122,
          "decay": 235.01949440824578,
          "sustain": 197.75352159227185,
          "sustainTime": 239.128441615385,
          "release": 401.8610481880306,
          "frequency": 294.54145090516425
        }
      },
      "generation": 9,
<<<<<<< HEAD
      "chromosomeId": "ace2d846-c2de-4ea5-930f-bddc4f0654be",
=======
<<<<<<< Updated upstream
      "chromosomeId": "61b96e42-24e3-4006-945a-0722b9460be8",
=======
      "chromosomeId": "6d261302-db7e-4f3a-bff5-7dcaa115578f",
>>>>>>> Stashed changes
>>>>>>> 48cc9645188e66c6d303585185c05a9d50e645d1
      "fitness": 3.473514563075955
    },
    {
      "fmParamsList": {
        "operator1": {
          "attack": 376.79741518986106,
          "decay": 225.6293114041687,
          "sustain": 222.7106478546711,
          "sustainTime": 285.0521741305361,
          "release": 400.1065854029737,
          "frequency": 280.22487982385246
        }
      },
      "generation": 9,
<<<<<<< HEAD
      "chromosomeId": "ad90e70e-8567-4832-8a85-8619536724d6",
=======
<<<<<<< Updated upstream
      "chromosomeId": "1dc78dd4-ea32-47e1-9662-accd350ed7dc",
=======
      "chromosomeId": "929287a3-9889-420e-a50a-ba1553fd1225",
>>>>>>> Stashed changes
>>>>>>> 48cc9645188e66c6d303585185c05a9d50e645d1
      "fitness": 2.637041413121958
    },
    {
      "fmParamsList": {
        "operator1": {
          "attack": 357.0168121651187,
          "decay": 224.44438003065068,
          "sustain": 232.17474642480042,
          "sustainTime": 391.2961761826783,
          "release": 409.74276866610927,
          "frequency": 306.06571631780395
        }
      },
      "generation": 9,
<<<<<<< HEAD
      "chromosomeId": "5836cd0f-ad60-4706-8c6c-2979ea123466",
=======
<<<<<<< Updated upstream
      "chromosomeId": "c49ec776-fa85-4e33-bd8b-0c2533d6e7bc",
=======
      "chromosomeId": "e0253afc-9ea5-4ab8-bdff-f63fcd1202e2",
>>>>>>> Stashed changes
>>>>>>> 48cc9645188e66c6d303585185c05a9d50e645d1
      "fitness": 2.8001872323996935
    },
    {
      "fmParamsList": {
        "operator1": {
          "attack": 434.49204247045617,
          "decay": 130.9003307757915,
          "sustain": 242.8576411356921,
          "sustainTime": 343.75680904547767,
          "release": 372.82858066205114,
          "frequency": 327.0141484760831
        }
      },
      "generation": 9,
<<<<<<< HEAD
      "chromosomeId": "09c865eb-fa03-4548-845d-b96d02fa4f24",
=======
<<<<<<< Updated upstream
      "chromosomeId": "a9ba837c-be64-4ba1-88b3-c668e4ceabea",
=======
      "chromosomeId": "398ce5d3-bca0-4b00-a7ce-717729649c20",
>>>>>>> Stashed changes
>>>>>>> 48cc9645188e66c6d303585185c05a9d50e645d1
      "fitness": 1.5762348673737654
    }
  ]
}