{
  "results": [
    {
      "fmParamsList": {
        "operator1": {
<<<<<<< HEAD
          "attack": 38.292435291578755,
          "decay": 447.1356397629218,
          "sustain": 202.43658017719437,
          "sustainTime": 343.16976053959854,
          "release": 224.21036309770807,
          "frequency": 229.25374154067507
        }
      },
      "generation": 8,
      "chromosomeId": "cb615b05-2512-475e-81ac-f9b283509285",
      "fitness": 5.815563510596175
=======
          "attack": 180.9839307811888,
          "decay": 387.6092428266855,
          "sustain": 373.7612845992022,
          "sustainTime": 396.8773688802132,
          "release": 218.77990398621927,
          "frequency": 179.90014153077385
        }
      },
      "generation": 8,
      "chromosomeId": "58c0dd8c-240f-4092-83e3-4b5a17488471",
      "fitness": 2.308052727809167
>>>>>>> adjust_target
    },
    {
      "fmParamsList": {
        "operator1": {
<<<<<<< HEAD
          "attack": 251.33666285461254,
          "decay": 398.7516205731115,
          "sustain": 340.12684911070954,
          "sustainTime": 353.76229099578785,
          "release": 0,
          "frequency": 348.09109425513196
        }
      },
      "generation": 8,
      "chromosomeId": "cf9d56fa-835e-4856-8208-c1c047297850",
      "fitness": 5.815563510596175
=======
          "attack": 322.75471676638125,
          "decay": 449.94238241461477,
          "sustain": 340.12684911070954,
          "sustainTime": 353.76229099578785,
          "release": 0,
          "frequency": 233.5708529994907
        }
      },
      "generation": 8,
      "chromosomeId": "4dd7db67-651d-441c-9bc7-53dc4223e117",
      "fitness": 2.9575075836297815
>>>>>>> adjust_target
    },
    {
      "fmParamsList": {
        "operator1": {
<<<<<<< HEAD
          "attack": 202.67291534475387,
          "decay": 331.1690375347664,
          "sustain": 419.121135980317,
          "sustainTime": 252.81523526423473,
          "release": 254.64442973256982,
          "frequency": 324.8165027247965
        }
      },
      "generation": 8,
      "chromosomeId": "2ccf8e46-4c4a-4ae1-89f0-c8dd046f5e49",
      "fitness": 5.815563510596175
=======
          "attack": 295.7928565340818,
          "decay": 460.11455023610165,
          "sustain": 419.121135980317,
          "sustainTime": 394.50151096045215,
          "release": 297.4514754359412,
          "frequency": 222.78446810669894
        }
      },
      "generation": 8,
      "chromosomeId": "09751350-245f-40b9-98b0-f47de0796f0d",
      "fitness": 2.8269844388144403
>>>>>>> adjust_target
    },
    {
      "fmParamsList": {
        "operator1": {
<<<<<<< HEAD
          "attack": 359.9303751762218,
          "decay": 280.52156182407674,
          "sustain": 324.1451794864925,
          "sustainTime": 342.42944181396547,
          "release": 328.37010300655623,
          "frequency": 436.9923328500322
        }
      },
      "generation": 8,
      "chromosomeId": "edb0c906-232e-4148-ae1a-12adfdaeef52",
      "fitness": 5.815563510596175
=======
          "attack": 486.44612013070207,
          "decay": 280.52156182407674,
          "sustain": 324.1451794864925,
          "sustainTime": 450.931190719334,
          "release": 328.37010300655623,
          "frequency": 402.0737877072089
        }
      },
      "generation": 8,
      "chromosomeId": "083dfa57-7cf0-4759-9278-bf53a38fc9d2",
      "fitness": 1.4659448394248584
>>>>>>> adjust_target
    },
    {
      "fmParamsList": {
        "operator1": {
<<<<<<< HEAD
          "attack": 477.88721145491434,
          "decay": 409.63925299563607,
          "sustain": 165.68175769198007,
          "sustainTime": 275.87765277059475,
          "release": 284.5188297599803,
          "frequency": 350.45825024393844
        }
      },
      "generation": 8,
      "chromosomeId": "33292790-2154-4120-9ced-329099d46f1a",
      "fitness": 5.815563510596175
=======
          "attack": 500,
          "decay": 404.0170179426148,
          "sustain": 165.68175769198007,
          "sustainTime": 248.2786567788543,
          "release": 269.10884694097393,
          "frequency": 224.77959768216277
        }
      },
      "generation": 8,
      "chromosomeId": "5b35b2b8-dcd2-42e0-902a-269b004c4ef5",
      "fitness": 2.851126965628745
>>>>>>> adjust_target
    },
    {
      "fmParamsList": {
        "operator1": {
<<<<<<< HEAD
          "attack": 240.63833309697077,
          "decay": 152.89994230370553,
          "sustain": 21.21094351306067,
          "sustainTime": 269.94292540123035,
          "release": 218.88161922821277,
=======
          "attack": 324.8998998770615,
          "decay": 152.07852383581923,
          "sustain": 0,
          "sustainTime": 269.94292540123035,
          "release": 220.75307546534822,
>>>>>>> adjust_target
          "frequency": 256.1912208517846
        }
      },
      "generation": 8,
<<<<<<< HEAD
      "chromosomeId": "5ae70c47-e965-491f-a952-82f9782526e7",
      "fitness": 5.815563510596175
=======
      "chromosomeId": "f2a02966-d2c4-4bba-8e49-50914d17def4",
      "fitness": 3.2312305759304087
>>>>>>> adjust_target
    },
    {
      "fmParamsList": {
        "operator1": {
<<<<<<< HEAD
          "attack": 333.837486944325,
          "decay": 318.4642835798615,
          "sustain": 148.04237468035194,
          "sustainTime": 259.99068684448787,
=======
          "attack": 333.2709181043253,
          "decay": 324.64591894113545,
          "sustain": 72.7960342659162,
          "sustainTime": 326.2248277211298,
>>>>>>> adjust_target
          "release": 499.39304357000054,
          "frequency": 287.61708589048624
        }
      },
      "generation": 8,
<<<<<<< HEAD
      "chromosomeId": "53a1b64a-b8e6-4381-9942-0b31bf84043b",
      "fitness": 5.815563510596175
=======
      "chromosomeId": "2d2eb41e-2dda-47de-aeb2-9de3d7b05eee",
      "fitness": 2.8509546285984215
>>>>>>> adjust_target
    },
    {
      "fmParamsList": {
        "operator1": {
<<<<<<< HEAD
          "attack": 235.7499873087567,
          "decay": 329.98766020203044,
          "sustain": 500,
          "sustainTime": 375.74954413668866,
          "release": 27.77271995108225,
          "frequency": 370.5642701913266
        }
      },
      "generation": 8,
      "chromosomeId": "76fc1fb2-9c96-4182-b0d1-685a45638915",
      "fitness": 5.815563510596175
=======
          "attack": 278.4059037913295,
          "decay": 254.56396306987295,
          "sustain": 500,
          "sustainTime": 312.71049821638894,
          "release": 49.845913785724804,
          "frequency": 220.61440199512492
        }
      },
      "generation": 8,
      "chromosomeId": "63d54280-e879-4085-bf9a-5ba62bf08157",
      "fitness": 2.8007250519897475
>>>>>>> adjust_target
    },
    {
      "fmParamsList": {
        "operator1": {
<<<<<<< HEAD
          "attack": 130.30292015063583,
          "decay": 86.61688537985995,
          "sustain": 227.25933024950052,
          "sustainTime": 374.6185384398657,
          "release": 290.6779389461372,
          "frequency": 331.3179480984452
        }
      },
      "generation": 8,
      "chromosomeId": "c3ba28bc-3007-4bfd-8a85-4a69443b7337",
      "fitness": 5.815563510596175
=======
          "attack": 227.5012490590355,
          "decay": 43.353309149765465,
          "sustain": 500,
          "sustainTime": 370.4137593368298,
          "release": 275.8938277230451,
          "frequency": 226.21460743371986
        }
      },
      "generation": 8,
      "chromosomeId": "9327171a-3840-4ca9-a456-ac7bebfed9d3",
      "fitness": 2.868491632982594
>>>>>>> adjust_target
    },
    {
      "fmParamsList": {
        "operator1": {
          "attack": 495.1058537080981,
<<<<<<< HEAD
          "decay": 81.85952863856346,
          "sustain": 47.91849259033859,
          "sustainTime": 138.68248280078492,
          "release": 241.51292320224167,
          "frequency": 322.57885536775814
        }
      },
      "generation": 8,