{
  "results": [
    {
      "fmParamsList": {
        "operator1": {
<<<<<<< HEAD
          "attack": 398.7081950778006,
          "decay": 335.5683814266706,
          "sustain": 231.86169215858956,
          "sustainTime": 199.2328162770282,
          "release": 305.947151572711,
          "frequency": 312.2044504045681
        }
      },
      "generation": 8,
      "chromosomeId": "2f003033-0975-4424-b06c-cee19a36279b",
      "fitness": 5.9224496927125685
=======
          "attack": 348.12440397205734,
          "decay": 358.21992536873034,
          "sustain": 475.72620926730326,
          "sustainTime": 373.82126721380337,
          "release": 305.947151572711,
          "frequency": 359.4271276023675
        }
      },
      "generation": 8,
      "chromosomeId": "2b132780-26da-4514-bd91-ff714c872ebd",
      "fitness": 0.9144137937017958
>>>>>>> adjust_target
    },
    {
      "fmParamsList": {
        "operator1": {
<<<<<<< HEAD
          "attack": 405.8745949406228,
          "decay": 230.1298100400639,
          "sustain": 81.44853560600257,
          "sustainTime": 218.19427100412338,
          "release": 214.1028288605849,
          "frequency": 350.01822162970984
        }
      },
      "generation": 8,
      "chromosomeId": "30aab656-4645-4a01-8160-09188dc6a4de",
      "fitness": 5.9224496927125685
=======
          "attack": 489.1513012451263,
          "decay": 289.1806664957412,
          "sustain": 81.44853560600257,
          "sustainTime": 277.199204648622,
          "release": 285.5233329042373,
          "frequency": 323.7258538243538
        }
      },
      "generation": 8,
      "chromosomeId": "9c278301-3dee-4bf2-9a5f-1789c62fd985",
      "fitness": 2.1914504750351256
>>>>>>> adjust_target
    },
    {
      "fmParamsList": {
        "operator1": {
<<<<<<< HEAD
          "attack": 368.5380410495502,
          "decay": 238.6965767520616,
          "sustain": 194.0348270192643,
          "sustainTime": 159.92575912431602,
          "release": 175.59694998841127,
          "frequency": 306.14066659971087
        }
      },
      "generation": 8,
      "chromosomeId": "adf5bde7-66e5-476c-83d9-42ecde040b78",
      "fitness": 5.9224496927125685
=======
          "attack": 298.96747564274125,
          "decay": 184.23159252045036,
          "sustain": 274.4087246708132,
          "sustainTime": 184.10108629721523,
          "release": 197.60073091228418,
          "frequency": 119.62100333719064
        }
      },
      "generation": 8,
      "chromosomeId": "2676f984-1159-4999-9199-b91d76d63aba",
      "fitness": -1.355426234996706
>>>>>>> adjust_target
    },
    {
      "fmParamsList": {
        "operator1": {
<<<<<<< HEAD
          "attack": 408.6421583267012,
          "decay": 26.768731568436564,
          "sustain": 204.86881821580823,
          "sustainTime": 240.48176006698785,
          "release": 217.2361180962895,
          "frequency": 324.53669076188953
        }
      },
      "generation": 8,
      "chromosomeId": "4a9b87b1-45a7-48f8-b5a3-338cc60ce30e",
      "fitness": 5.9224496927125685
=======
          "attack": 485.11469619703047,
          "decay": 26.768731568436564,
          "sustain": 0,
          "sustainTime": 439.8180433697901,
          "release": 278.02611817886964,
          "frequency": 321.11579632551286
        }
      },
      "generation": 8,
      "chromosomeId": "9ca04744-f5eb-4e2d-b1a2-b4e2076cb14f",
      "fitness": 2.2848123866334085
>>>>>>> adjust_target
    },
    {
      "fmParamsList": {
        "operator1": {
<<<<<<< HEAD
          "attack": 430.5154279724735,
          "decay": 182.628628594931,
          "sustain": 214.6120287664167,
          "sustainTime": 234.24422096523406,
          "release": 173.43037160444365,
          "frequency": 478.1585583258283
        }
      },
      "generation": 8,
      "chromosomeId": "913da565-101c-4707-b3dc-7001d51284e8",
      "fitness": 5.9224496927125685
=======
          "attack": 421.87882611721454,
          "decay": 180.8954354221716,
          "sustain": 241.4362245600472,
          "sustainTime": 260.21260643932027,
          "release": 287.5586715323483,
          "frequency": 487.5680172286952
        }
      },
      "generation": 8,
      "chromosomeId": "ba8876e9-e88a-435e-877a-151437c3c743",
      "fitness": -3.6691934313234005
>>>>>>> adjust_target
    },
    {
      "fmParamsList": {
        "operator1": {
<<<<<<< HEAD
          "attack": 395.74613203380756,
          "decay": 240.1531261430504,
          "sustain": 206.72444046204302,
          "sustainTime": 259.4650078585122,
          "release": 221.0112331761003,
          "frequency": 363.4033713648563
        }
      },
      "generation": 8,
      "chromosomeId": "fffbdd65-0254-41e2-aab7-92229a68d493",
      "fitness": 5.9224496927125685
=======
          "attack": 157.96259443269884,
          "decay": 240.1531261430504,
          "sustain": 136.33931714750912,
          "sustainTime": 484.9675653900477,
          "release": 265.49975524918057,
          "frequency": 332.64885280162196
        }
      },
      "generation": 8,
      "chromosomeId": "5982bcb7-395f-4d38-8fc2-dfe0b63eb238",
      "fitness": 1.8722742721824215
>>>>>>> adjust_target
    },
    {
      "fmParamsList": {
        "operator1": {
<<<<<<< HEAD
          "attack": 412.0722840407656,
          "decay": 221.67973540782177,
          "sustain": 164.591567933173,
          "sustainTime": 232.21910002252352,
          "release": 194.4098587492511,
          "frequency": 353.73723507194285
        }
      },
      "generation": 8,
      "chromosomeId": "c6bc8b0c-6fce-491b-98a5-edba9b895e81",
      "fitness": 5.9224496927125685
=======
          "attack": 415.6371157427226,
          "decay": 201.8509877331498,
          "sustain": 243.21254764900686,
          "sustainTime": 243.61143554885717,
          "release": 194.4098587492511,
          "frequency": 271.2522771497487
        }
      },
      "generation": 8,
      "chromosomeId": "10b6217e-c460-4d14-8e28-db665133730f",
      "fitness": 4.068433426144721
>>>>>>> adjust_target
    },
    {
      "fmParamsList": {
        "operator1": {
<<<<<<< HEAD
          "attack": 421.8939159646022,
          "decay": 291.6593768662854,
          "sustain": 320.1592063128192,
          "sustainTime": 67.39975372748196,
          "release": 243.2620304314101,
          "frequency": 319.83772720530925
        }
      },
      "generation": 8,
      "chromosomeId": "895d0f3f-2de6-4532-aaf8-1128e0c70fd4",
      "fitness": 5.9224496927125685
=======
          "attack": 500,
          "decay": 111.01240063703455,
          "sustain": 418.23009202361686,
          "sustainTime": 67.39975372748196,
          "release": 293.916390072591,
          "frequency": 205.5169835341519
        }
      },
      "generation": 8,
      "chromosomeId": "fc601043-2846-4a3d-bc8d-0b7ba30f295b",
      "fitness": 1.7170780731872197
>>>>>>> adjust_target
    },
    {
      "fmParamsList": {
        "operator1": {
<<<<<<< HEAD
          "attack": 408.85643136500266,
          "decay": 118.560230025906,
          "sustain": 50.87529489361076,
          "sustainTime": 213.3708022907903,
          "release": 189.9418600974427,
          "frequency": 405.111289182363
        }
      },
      "generation": 8,
      "chromosomeId": "256e5270-23e5-4e12-ae3a-065b34bbe7eb",
      "fitness": 5.9224496927125685
=======
          "attack": 429.3624886557579,
          "decay": 29.705011375211868,
          "sustain": 50.87529489361076,
          "sustainTime": 196.5636459144497,
          "release": 282.0876620045099,
          "frequency": 422.93939918226306
        }
      },
      "generation": 8,
      "chromosomeId": "a4b88ce0-54ce-4c91-8f0a-b36bff6aece2",
      "fitness": -1.357423929138233
>>>>>>> adjust_target
    },
    {
      "fmParamsList": {
        "operator1": {
<<<<<<< HEAD
          "attack": 409.29203871310943,
          "decay": 240.21190884227838,