{
  "results": [
    {
      "fmParamsList": {
        "operator1": {
          "attack": 212.9635916596067,
          "decay": 56.56260838471762,
          "sustain": 242.22984855101046,
          "sustainTime": 377.2754102195568,
          "release": 64.2229839922253,
          "frequency": 261.3052700178065
        }
      },
      "generation": 9,
<<<<<<< HEAD
      "chromosomeId": "8eaa9668-f9a7-416d-86d0-98e5badfeee0",
=======
<<<<<<< Updated upstream
      "chromosomeId": "0845e76b-1e6d-4e39-a1af-5f2ed3defb0b",
=======
      "chromosomeId": "f7d2f1d3-71dc-4944-9c8c-58be8af99326",
>>>>>>> Stashed changes
>>>>>>> 48cc9645188e66c6d303585185c05a9d50e645d1
      "fitness": 2.2101196964384235
    },
    {
      "fmParamsList": {
        "operator1": {
          "attack": 195.92506591414195,
          "decay": 218.7678584897004,
          "sustain": 308.0350312992539,
          "sustainTime": 363.90605542955564,
          "release": 67.59396846051045,
          "frequency": 262.518226558699
        }
      },
      "generation": 9,
<<<<<<< HEAD
      "chromosomeId": "9f762ec0-f404-40ac-bd76-ff40612a88b2",
=======
<<<<<<< Updated upstream
      "chromosomeId": "625a9b53-b50e-44ca-90b4-b6eeb4057a48",
=======
      "chromosomeId": "398199fe-df5d-4d75-a3de-a5fcc751b4c5",
>>>>>>> Stashed changes
>>>>>>> 48cc9645188e66c6d303585185c05a9d50e645d1
      "fitness": 3.8813834212637177
    },
    {
      "fmParamsList": {
        "operator1": {
          "attack": 224.4038690275654,
          "decay": 125.70610454454871,
          "sustain": 200.26423801718386,
          "sustainTime": 357.8566090416892,
          "release": 62.993892968679155,
          "frequency": 257.6561744232536
        }
      },
      "generation": 9,
<<<<<<< HEAD
      "chromosomeId": "37c71046-4fdb-483b-b196-36eed4ad30b6",
=======
<<<<<<< Updated upstream
      "chromosomeId": "d3ba177b-747e-4d3b-83a2-14a773760887",
=======
      "chromosomeId": "3ca10947-da00-459e-b820-933d77f1a73a",
>>>>>>> Stashed changes
>>>>>>> 48cc9645188e66c6d303585185c05a9d50e645d1
      "fitness": -2.8177612621890553
    },
    {
      "fmParamsList": {
        "operator1": {
          "attack": 222.65282223321208,
          "decay": 229.4232458048076,
          "sustain": 245.15555834582298,
          "sustainTime": 265.11825064138696,
          "release": 83.46429070848181,
          "frequency": 263.11279841407793
        }
      },
      "generation": 9,
<<<<<<< HEAD
      "chromosomeId": "b78d9f6f-708e-4959-a4dd-0f76f68b432b",
=======
<<<<<<< Updated upstream
      "chromosomeId": "aa08e862-5a8b-41c1-8ac5-2c8084a31213",
=======
      "chromosomeId": "5fcd831c-282d-484b-af32-509d0eb47404",
>>>>>>> Stashed changes
>>>>>>> 48cc9645188e66c6d303585185c05a9d50e645d1
      "fitness": 4.700610112572665
    },
    {
      "fmParamsList": {
        "operator1": {
          "attack": 192.19140284488066,
          "decay": 171.64043691911883,
          "sustain": 219.19501017488227,
          "sustainTime": 413.6742535260649,
          "release": 67.18307768233292,
          "frequency": 261.5969182065234
        }
      },
      "generation": 9,
<<<<<<< HEAD
      "chromosomeId": "ddb4b431-b076-494f-a97b-d8785511677a",
=======
<<<<<<< Updated upstream
      "chromosomeId": "7c48ff2a-798f-4554-b889-ddf84f39f4f9",
=======
      "chromosomeId": "1a821dba-114f-46ac-90c3-457600f5d630",
>>>>>>> Stashed changes
>>>>>>> 48cc9645188e66c6d303585185c05a9d50e645d1
      "fitness": 2.611965122701549
    },
    {
      "fmParamsList": {
        "operator1": {
          "attack": 223.19633501235978,
          "decay": 0,
          "sustain": 245.92613960117646,
          "sustainTime": 54.31413987911227,
          "release": 87.08196297190084,
          "frequency": 264.9056193815797
        }
      },
      "generation": 9,
<<<<<<< HEAD
      "chromosomeId": "bbb5bdc3-78e8-48b7-a912-86300da53f92",
=======
<<<<<<< Updated upstream
      "chromosomeId": "55ea03d8-6139-463d-ad7f-0a35c206295f",
=======
      "chromosomeId": "e027afd4-652f-4a3a-bee5-133a28d76838",
>>>>>>> Stashed changes
>>>>>>> 48cc9645188e66c6d303585185c05a9d50e645d1
      "fitness": 2.230384224770257
    },
    {
      "fmParamsList": {
        "operator1": {
          "attack": 211.0442851319515,
          "decay": 47.469157546758495,
          "sustain": 232.2406260166911,
          "sustainTime": 261.9727720504785,
          "release": 70.72942200970533,
          "frequency": 263.7761241849031
        }
      },
      "generation": 9,
<<<<<<< HEAD
      "chromosomeId": "edf2ea30-3cad-4b53-bec8-446ead20d06e",
=======
<<<<<<< Updated upstream
      "chromosomeId": "e1dc1dc0-abc3-411b-89a7-25eac5b667a6",
=======
      "chromosomeId": "d5091b9c-4906-4fce-a2d4-97a05b46a391",
>>>>>>> Stashed changes
>>>>>>> 48cc9645188e66c6d303585185c05a9d50e645d1
      "fitness": 3.786651317555839
    },
    {
      "fmParamsList": {
        "operator1": {
          "attack": 236.65309318840443,
          "decay": 106.28703343160339,
          "sustain": 203.3754360315868,
          "sustainTime": 361.0500844479716,
          "release": 79.51342429462073,
          "frequency": 261.38577621462036
        }
      },
      "generation": 9,
<<<<<<< HEAD
      "chromosomeId": "50e39b62-d4a1-4d4b-8f61-dbc098445aa7",
=======
<<<<<<< Updated upstream
      "chromosomeId": "4349af0a-74ee-49dd-b27e-996f6f9c106e",
=======
      "chromosomeId": "b69285b1-0235-4548-a28c-bd66246afa52",
>>>>>>> Stashed changes
>>>>>>> 48cc9645188e66c6d303585185c05a9d50e645d1
      "fitness": 2.3210445992050714
    },
    {
      "fmParamsList": {
        "operator1": {
          "attack": 215.23088631637606,
          "decay": 259.4166035623026,
          "sustain": 257.2722557495887,
          "sustainTime": 301.1623678898953,
          "release": 67.52789233295849,
          "frequency": 262.1436159555805
        }
      },
      "generation": 9,
<<<<<<< HEAD
      "chromosomeId": "25769707-e9c6-41fd-a5ac-e5b98ec8a256",
=======
<<<<<<< Updated upstream
      "chromosomeId": "54ccf891-ccaa-46b6-bd59-923d93fa1d55",
=======
      "chromosomeId": "23c720db-5c6a-4460-93c8-bfab9a2fa018",
>>>>>>> Stashed changes
>>>>>>> 48cc9645188e66c6d303585185c05a9d50e645d1
      "fitness": 3.36522880993184
    }
  ]
}