{
  "results": [
    {
      "fmParamsList": {
        "operator1": {
<<<<<<< HEAD
          "attack": 310.64350132465137,
          "decay": 167.9194291038773,
          "sustain": 296.95086050950243,
          "sustainTime": 500,
          "release": 315.32682598685864,
          "frequency": 314.04076321774386
        }
      },
      "generation": 8,
      "chromosomeId": "1be795a9-02c8-4dea-a2f2-bb05cb007416",
      "fitness": 5.8407177317007495
=======
          "attack": 297.09612668240896,
          "decay": 167.9194291038773,
          "sustain": 333.42716247965916,
          "sustainTime": 348.9778980009581,
          "release": 423.9484959272083,
          "frequency": 322.4541868334031
        }
      },
      "generation": 8,
      "chromosomeId": "9c8b82fc-9b87-4dcd-9c0a-d70850a19b2b",
      "fitness": -0.2569271936945541
>>>>>>> adjust_target
    },
    {
      "fmParamsList": {
        "operator1": {
<<<<<<< HEAD
          "attack": 57.07383204404569,
          "decay": 500,
          "sustain": 353.2332188206006,
          "sustainTime": 167.7836460148834,
          "release": 500,
          "frequency": 368.294390911865
        }
      },
      "generation": 8,
      "chromosomeId": "b9b2206b-bd55-4849-b436-26a21e7078a3",
      "fitness": 5.8407177317007495
=======
          "attack": 102.43037444726302,
          "decay": 385.75201325340345,
          "sustain": 353.2332188206006,
          "sustainTime": 257.8781391456053,
          "release": 467.16927306709044,
          "frequency": 500
        }
      },
      "generation": 8,
      "chromosomeId": "0ef46b6f-16cf-40d3-a9de-2b45e8b32f7b",
      "fitness": -17.244943511546417
>>>>>>> adjust_target
    },
    {
      "fmParamsList": {
        "operator1": {
<<<<<<< HEAD
          "attack": 250.91925916489745,
          "decay": 247.0193818338344,
          "sustain": 361.3915082106988,
          "sustainTime": 459.747947904646,
          "release": 290.87524564044855,
          "frequency": 321.7640560724056
        }
      },
      "generation": 8,
      "chromosomeId": "19dc84ff-e897-4f74-bbe2-176e4b848cac",
      "fitness": 5.8407177317007495
=======
          "attack": 249.2694101916472,
          "decay": 252.71251078361604,
          "sustain": 394.55061001716956,
          "sustainTime": 327.91177474193825,
          "release": 390.1670177986467,
          "frequency": 333.728949125044
        }
      },
      "generation": 8,
      "chromosomeId": "9d268298-4e48-4d00-a039-6d4a06c4bb3a",
      "fitness": 1.3457903193356282
>>>>>>> adjust_target
    },
    {
      "fmParamsList": {
        "operator1": {
<<<<<<< HEAD
          "attack": 257.22118701482975,
          "decay": 119.56316119332263,
          "sustain": 325.074561336556,
          "sustainTime": 231.00038012068984,
          "release": 225.06836315599855,
          "frequency": 340.65747653526864
        }
      },
      "generation": 8,
      "chromosomeId": "62c5e973-2ad1-4dae-afa9-fbd61f6ecf1a",
      "fitness": 5.8407177317007495
=======
          "attack": 250.32551446492454,
          "decay": 190.45065894653592,
          "sustain": 331.4537256977501,
          "sustainTime": 241.49902424673732,
          "release": 253.36554224387464,
          "frequency": 351.47362961752964
        }
      },
      "generation": 8,
      "chromosomeId": "caa13148-53b1-46be-86e0-17902b0a1015",
      "fitness": 3.8682124735940016
>>>>>>> adjust_target
    },
    {
      "fmParamsList": {
        "operator1": {
<<<<<<< HEAD
          "attack": 275.2630853211506,
          "decay": 133.36350155870596,
          "sustain": 339.5250732859153,
          "sustainTime": 490.1299189149688,
          "release": 352.9864132364511,
          "frequency": 469.51268912401065
        }
      },
      "generation": 8,
      "chromosomeId": "b53ae0a4-5d57-41cf-803f-00068e4b5198",
      "fitness": 5.8407177317007495
=======
          "attack": 164.80324594099346,
          "decay": 164.3049134933804,
          "sustain": 381.31944028610513,
          "sustainTime": 284.09566769242116,
          "release": 442.3429213555721,
          "frequency": 483.42295035619804
        }
      },
      "generation": 8,
      "chromosomeId": "24dd2f91-cb07-45c9-aeac-bd648355118b",
      "fitness": -14.888501123560111
>>>>>>> adjust_target
    },
    {
      "fmParamsList": {
        "operator1": {
          "attack": 258.83323658291135,
<<<<<<< HEAD
          "decay": 156.14628969280002,
          "sustain": 380.55079578354037,
          "sustainTime": 114.6157165267496,
          "release": 272.18633615713924,
          "frequency": 326.86051039365094
        }
      },
      "generation": 8,
      "chromosomeId": "569fcc84-86b4-44f7-bb88-90409aaca113",
      "fitness": 5.8407177317007495
=======
          "decay": 187.28729046344233,
          "sustain": 380.55079578354037,
          "sustainTime": 171.45127150937805,
          "release": 374.7383132686201,
          "frequency": 500
        }
      },
      "generation": 8,
      "chromosomeId": "e4332921-529d-4a1d-be98-1f206e245e76",
      "fitness": -17.244943511546417
>>>>>>> adjust_target
    },
    {
      "fmParamsList": {
        "operator1": {
          "attack": 101.94101680336537,
<<<<<<< HEAD
          "decay": 199.21492441006725,
          "sustain": 350.8953786383094,
          "sustainTime": 119.58899202828887,
          "release": 285.84360281171246,
          "frequency": 313.7811965876442
        }
      },
      "generation": 8,
      "chromosomeId": "2badc2e0-f619-4e16-9227-bb589b804bf4",
      "fitness": 5.8407177317007495
=======
          "decay": 200.93867259676404,
          "sustain": 475.5085683413312,
          "sustainTime": 119.58899202828887,
          "release": 389.52064999110297,
          "frequency": 373.540584851172
        }
      },
      "generation": 8,
      "chromosomeId": "abb28475-cf4b-40d4-a05d-404007e8c7fa",
      "fitness": 0.7313751108734635
>>>>>>> adjust_target
    },
    {
      "fmParamsList": {
        "operator1": {
          "attack": 60.57859061709181,
<<<<<<< HEAD
          "decay": 60.80140427913817,
          "sustain": 332.60227587247977,
          "sustainTime": 141.3745830301006,
          "release": 150.60604575116554,
          "frequency": 301.0253302778946
        }
      },
      "generation": 8,
      "chromosomeId": "cce8aa34-4f15-4216-bb55-cc43fbdc4b49",
      "fitness": 5.8407177317007495
=======
          "decay": 86.87234904729436,
          "sustain": 339.49056826009104,
          "sustainTime": 265.3923413967247,
          "release": 131.82174417491072,
          "frequency": 300.50972416086154
        }
      },
      "generation": 8,
      "chromosomeId": "fbb6945c-5a58-4a9f-bf70-7a8eb25fa513",
      "fitness": -3.3763521296326924
>>>>>>> adjust_target
    },
    {
      "fmParamsList": {
        "operator1": {
<<<<<<< HEAD
          "attack": 226.90725460365175,
          "decay": 102.02794899900466,
          "sustain": 313.7652224745141,
          "sustainTime": 237.70658382146232,
          "release": 334.4539090365263,
          "frequency": 308.9222887848285
        }
      },
      "generation": 8,
      "chromosomeId": "79fb44d8-6a5e-46f7-8faf-b7492feae207",
      "fitness": 5.8407177317007495
=======
          "attack": 253.59047063674515,
          "decay": 66.2948121819395,
          "sustain": 353.7222336995523,
          "sustainTime": 6.234967358024804,
          "release": 431.1818689614044,
          "frequency": 257.7180747088596
        }
      },
      "generation": 8,
      "chromosomeId": "ff1181d2-a68d-4cad-ade1-ad66695d2b60",
      "fitness": -9.459223254908611
>>>>>>> adjust_target
    },
    {
      "fmParamsList": {
        "operator1": {
          "attack": 323.2899152181429,
<<<<<<< HEAD
          "decay": 124.0790207603689,
          "sustain": 338.7039419262433,
          "sustainTime": 291.0218127835237,
          "release": 329.12174617404514,