{
  "results": [
    {
      "fmParamsList": {
        "operator1": {
          "attack": 18.852699222349653,
          "decay": 9.408716888191883,
          "sustain": 51.72194773147642,
          "sustainTime": 12.581393948686443,
          "release": 0,
          "frequency": 313.61828995485655
        }
      },
      "chromosomeId": "2aff10f0-6b16-4637-8ee7-ac491de56262",
      "fitness": 8.026198436276195,
      "pre_evaluation": 10.000000000000032
    }
  ]
}