{
  "results": [
    {
      "fmParamsList": {
        "operator1": {
          "attack": 0.04449096700405096,
          "decay": 0.2201672687771249,
          "sustain": 0.19187773602185196,
          "sustainTime": 0,
          "release": 0.1849744987459047,
          "frequency": 0.7312756542877964
        }
      },
      "chromosomeId": "a44cb4a4-268d-4a59-b68d-00e29549ea52",
      "fitness": 9.722985184392515,
      "pre_evaluation": 10.00000000000003
    }
  ]
}