{
  "results": [
    {
      "fmParamsList": {
        "operator1": {
          "attack": 13.456644347415656,
          "decay": 20.14552624173085,
          "sustain": 39.9732587874991,
          "sustainTime": 0,
          "release": 29.046560005184155,
          "frequency": 1300
        }
      },
      "chromosomeId": "b18cb94a-eede-46da-8a85-47ea9fcc7166",
      "fitness": 1692996.5816005096,
      "pre_evaluation": 10.000000000000032
    }
  ]
}