{
  "results": [
    {
      "fmParamsList": {
        "operator1": {
          "attack": 0.25,
          "decay": 0.11512582939014471,
          "sustain": 0.5041160640543011,
          "sustainTime": 0.19981941720375176,
          "release": 0.3417428929492593,
          "frequency": 0.4737091834051637
        }
      },
      "chromosomeId": "8e9ca226-b74e-4c0b-9267-f57a668a4c2d",
      "fitness": 12.486129235190383,
      "pre_evaluation": 10.00000000000001
    }
  ]
}