{
  "results": [
    {
      "fmParamsList": {
        "operator1": {
          "attack": 0.19132143626597417,
          "decay": 0.12254556528302946,
          "sustain": 0.511793758632867,
          "sustainTime": 0.1890793721006882,
          "release": 0.1468837020172587,
          "frequency": 0.711746955364081
        }
      },
      "chromosomeId": "2f3f23e6-b1b4-4f89-939d-271957b51f31",
      "fitness": 4.774356403528746,
      "pre_evaluation": 10.00000000000002
    }
  ]
}