{
  "results": [
    {
      "fmParamsList": {
        "operator1": {
          "attack": 0.12273625333123991,
          "decay": 0.10840299474828749,
          "sustain": 0.11292557630105689,
          "sustainTime": 0.04189904964465121,
          "release": 0.07842950705104369,
          "frequency": 0.3203655460939818
        }
      },
      "chromosomeId": "01b5e925-e22f-4bef-83ea-eecc6f8822d4",
      "fitness": 2513.589507477205,
      "pre_evaluation": 10.00000000000002
    }
  ]
}