{
  "results": [
    {
      "fmParamsList": {
        "operator1": {
          "attack": 13.119615612119388,
          "decay": 6.680429572155537,
          "sustain": 74.56363798004878,
          "sustainTime": 19.325649543931327,
          "release": 12.059763566298352,
          "frequency": 736.8900353635516
        }
      },
      "chromosomeId": "916acde8-f608-4703-844e-49c0186910cb",
      "fitness": -1644967.1634105013,
      "pre_evaluation": 10.000000000000036
    }
  ]
}