{
  "results": [
    {
      "fmParamsList": {
        "operator1": {
          "attack": 0.16776875598296093,
          "decay": 0.15568901957209363,
          "sustain": 0.7724970092021642,
          "sustainTime": 0.11161599548467747,
          "release": 0.10254862568340131,
          "frequency": 0.38872198235965866
        }
      },
      "chromosomeId": "efb7d9bc-c1f7-4597-a5a6-52bcb6f1aa73",
      "fitness": 8.3333332007515,
      "pre_evaluation": 10.000000000000014
    }
  ]
}