{
  "results": [
    {
      "fmParamsList": {
        "operator1": {
          "attack": 0.18983006400473754,
          "decay": 0.21255651870715642,
          "sustain": 0.7974894108763795,
          "sustainTime": 0.16945993806104467,
          "release": 0.13427466580573677,
          "frequency": 0.26347958838481444
        }
      },
      "chromosomeId": "beec9578-6da7-44fe-84b1-eb5464bc9a8f",
      "fitness": 9.61199046257181,
      "pre_evaluation": 10.000000000000014
    }
  ]
}