{
  "results": [
    {
      "fmParamsList": {
        "operator1": {
          "attack": 0.026913940056129168,
          "decay": 0.10135338722179806,
          "sustain": 1,
          "sustainTime": 0.3,
          "release": 0.07285280810430672,
          "frequency": 0.32477619672129543
        }
      },
      "chromosomeId": "9013950c-4754-44fe-91d8-a7477e0939e2",
      "fitness": 9.700371465678124,
      "pre_evaluation": 10.000000000000014
    }
  ]
}