{
  "results": [
    {
      "fmParamsList": {
        "operator1": {
          "attack": 0.019899067495631834,
          "decay": 0.23092561948104023,
          "sustain": 0.5862418356499716,
          "sustainTime": 0.11473301555806746,
          "release": 0.180411405820816,
          "frequency": 0.4626667869172257
        }
      },
      "chromosomeId": "3feb3ce5-8783-4084-9244-9f491c81db14",
      "fitness": 9.732355289495946,
      "pre_evaluation": 10.000000000000016
    }
  ]
}