{
  "results": [
    {
      "fmParamsList": {
        "operator1": {
          "attack": 0.08407989101566735,
          "decay": 0.1550220785916357,
          "sustain": 0.0891913076502019,
          "sustainTime": 0.17428071770266734,
          "release": 0.12589236204170745,
          "frequency": 0.2194962767629593
        }
      },
      "chromosomeId": "8e92b396-2f37-462e-8e17-f708afcceb42",
      "fitness": -1.2332955206114673,
      "pre_evaluation": 10.000000000000021
    }
  ]
}