{
  "results": [
    {
      "fmParamsList": {
        "operator1": {
          "attack": 0.056706698653431455,
          "decay": 0.07403506790834723,
          "sustain": 0.009413088415857394,
          "sustainTime": 0.08278224173891907,
          "release": 0.08494337455414536,
          "frequency": 0.2518750625819432
        }
      },
      "chromosomeId": "a7656f5a-1410-49c1-854d-67abb3c0b6ae",
      "fitness": 2513.7176383246588,
      "pre_evaluation": 10.000000000000016
    }
  ]
}