{
  "results": [
    {
      "fmParamsList": {
        "operator1": {
          "attack": 0.2465848787760765,
          "decay": 0.16953445224846256,
          "sustain": 0.4073019023141918,
          "sustainTime": 0.1834921000882366,
          "release": 0.24139455647871091,
          "frequency": 0.8527237613917118
        }
      },
      "chromosomeId": "84d18cf7-0833-4a2d-b5aa-16e4fda0a1e3",
      "fitness": 9.174644504552633,
      "pre_evaluation": 10.000000000000021
    }
  ]
}