{
  "results": [
    {
      "fmParamsList": {
        "operator1": {
          "attack": 0.1339326176718893,
          "decay": 0.10056986692623271,
          "sustain": 0.16576760699002166,
          "sustainTime": 0.14982191311994186,
          "release": 0.0824251835774974,
          "frequency": 0.6202545968126775
        }
      },
      "chromosomeId": "5536455e-60ae-48ba-9942-70eb49468822",
      "fitness": -2.0990731399080116,
      "pre_evaluation": 10.000000000000014
    }
  ]
}