{
  "results": [
    {
      "fmParamsList": {
        "operator1": {
          "attack": 0.12005890111626918,
          "decay": 0.22906208442391904,
          "sustain": 0.5528719417752559,
          "sustainTime": 0.131418014807166,
          "release": 0.17698337955238608,
          "frequency": 0.47896080426237597
        }
      },
      "chromosomeId": "323a24da-63cc-4e34-9ab8-4bfcdd78f47e",
      "fitness": 0.9718398899806697,
      "pre_evaluation": 10.000000000000009
    }
  ]
}