{
  "results": [
    {
      "fmParamsList": {
        "operator1": {
          "attack": 0.024163965285818805,
          "decay": 0.11793025816637805,
          "sustain": 0.11375060567596373,
          "sustainTime": 0.12975964888652797,
          "release": 0.1781372791689499,
          "frequency": 0.3605379231348758
        }
      },
      "chromosomeId": "47880619-14fa-480a-ac07-f15056346762",
      "fitness": 2513.5396293065187,
      "pre_evaluation": 10.00000000000002
    }
  ]
}