{
  "results": [
    {
      "fmParamsList": {
        "operator1": {
          "attack": 10.27751863448086,
          "decay": 0.2301817086346608,
          "sustain": 32.92127476838209,
          "sustainTime": 13.471710624612385,
          "release": 11.546003486347082,
          "frequency": 802.919522824586
        }
      },
      "chromosomeId": "c808125b-f5db-41e5-9595-eb8856b0fdab",
      "fitness": -21.379929389381125,
      "pre_evaluation": 10.00000000000017
    }
  ]
}