{
  "results": [
    [
      {
        "fmParamsList": {
          "operator1": {
            "attack": 0.03,
            "decay": 0.16,
            "sustain": 0.89,
            "sustainTime": 0.29,
            "release": 0.06,
            "frequency": 0.31690
          }
        },
        "algorithmNum": 1,
        "chromosomeId": "6ac1c86a-1615-4176-a8be-a88c10004101",
        "fitness": 0.5202626000989599,
        "pre_evaluation": 10.000000000000002
      }
    ]
  ]
}