{
  "8_results": [
    {
      "fmParamsList": {
        "operator1": {
          "attack": 272.3199229809919,
          "decay": 367.7655307910228,
          "sustain": 247.94751130533933,
          "sustainTime": 231.4981539896928,
          "release": 237.6465874401184,
          "frequency": 17.499521810616592
        }
      },
      "fitness": 3.8705399510783014,
      "pre_evaluation": 9.997134594385589,
      "generation": 1,
<<<<<<< HEAD
      "chromosomeId": "faca9edd-7fb3-4d60-a7c3-3acd814b8dea"
=======
      "chromosomeId": "8f806234-e689-49a2-87f7-0c2758febe91"
>>>>>>> c3267074442d7b1626b0bb81d1b786aac0fff83f
    },
    {
      "fmParamsList": {
        "operator1": {
          "attack": 219.827254771537,
          "decay": 222.71374250116438,
          "sustain": 213.06495228015913,
          "sustainTime": 324.80662511839756,
          "release": 250.33372111782361,
          "frequency": 221.142429087111
        }
      },
      "fitness": 4.629494396099563,
      "pre_evaluation": 0.48891899509054815,
      "generation": 2,
<<<<<<< HEAD
      "chromosomeId": "4dd02fd4-cd2c-46b4-8371-727b32b97448"
=======
      "chromosomeId": "3b608255-124d-4822-88ea-1bcbd62a00c4"
>>>>>>> c3267074442d7b1626b0bb81d1b786aac0fff83f
    },
    {
      "fmParamsList": {
        "operator1": {
          "attack": 210.43933464742514,
          "decay": 203.83686709222889,
          "sustain": 254.2808652819135,
          "sustainTime": 345.43369785612055,
          "release": 234.31145083305745,
          "frequency": 117.13225175342058
        }
      },
      "fitness": 3.523594117280421,
      "pre_evaluation": 0.16858487768827127,
      "generation": 3,
<<<<<<< HEAD
      "chromosomeId": "990f6da8-0e9d-4f87-93bb-ba5362496a4f"
=======
      "chromosomeId": "84e3f619-1120-432d-8730-1b88b96fca03"
>>>>>>> c3267074442d7b1626b0bb81d1b786aac0fff83f
    },
    {
      "fmParamsList": {
        "operator1": {
          "attack": 280.68717002787037,
          "decay": 214.74859652106647,
          "sustain": 221.5326876432082,
          "sustainTime": 260.9462434420263,
          "release": 384.6993715750574,
          "frequency": 108.50816147013832
        }
      },
      "fitness": 3.479764531678285,
      "pre_evaluation": 0.7554033400503815,
      "generation": 4,
<<<<<<< HEAD
      "chromosomeId": "88aa592d-0aa3-4f8b-b12f-53cca4f3c2b2"
=======
      "chromosomeId": "e241b7f4-23da-4173-a9f5-7815d1a435eb"
>>>>>>> c3267074442d7b1626b0bb81d1b786aac0fff83f
    },
    {
      "fmParamsList": {
        "operator1": {
          "attack": 441.72523395070385,
          "decay": 271.75595569834735,
          "sustain": 243.11923621560305,
          "sustainTime": 443.518586555389,
          "release": 259.4840922091521,
          "frequency": 231.367240062505
        }
      },
      "fitness": 3.8165452799610513,
      "pre_evaluation": 1.3726797324284064,
      "generation": 5,
<<<<<<< HEAD
      "chromosomeId": "8d244a3b-e788-4ab1-9254-7404ca011527"
=======
      "chromosomeId": "ce4af06a-1df1-4e7d-8c0c-6d3d3287a059"
>>>>>>> c3267074442d7b1626b0bb81d1b786aac0fff83f
    },
    {
      "fmParamsList": {
        "operator1": {
          "attack": 412.7929580934034,
          "decay": 280.24019184133743,
          "sustain": 287.1215834065174,
          "sustainTime": 300.6322326336167,
          "release": 250.16434207701937,
          "frequency": 263.10581921630006
        }
      },
      "fitness": 4.162048462588778,
      "pre_evaluation": 0.8962822537531453,
      "generation": 6,
<<<<<<< HEAD
      "chromosomeId": "9ceac82d-30c8-46cc-8acb-354e8c70c6c8"
=======
      "chromosomeId": "e7cd43e5-4777-40d4-8f85-9a98fd66c6a2"
>>>>>>> c3267074442d7b1626b0bb81d1b786aac0fff83f
    },
    {
      "fmParamsList": {
        "operator1": {
          "attack": 372.61906499875124,
          "decay": 174.69214980578573,
          "sustain": 256.18088276532444,
          "sustainTime": 262.6230106578489,
          "release": 244.96449052472425,
          "frequency": 261.7526024510881
        }
      },
      "fitness": 4.29981503372753,
      "pre_evaluation": 1.9458387334519938,
      "generation": 7,
<<<<<<< HEAD
      "chromosomeId": "d05ac781-8de7-4d3a-81d0-3a9136d5d9c8"
=======
      "chromosomeId": "c41abb4d-aed0-4d3f-8b91-e404087d2ee0"
>>>>>>> c3267074442d7b1626b0bb81d1b786aac0fff83f
    },
    {
      "fmParamsList": {
        "operator1": {
          "attack": 294.11629148748614,
          "decay": 278.40325412660667,
          "sustain": 86.45897552241674,
          "sustainTime": 261.25138281214765,
          "release": 209.8889601016114,
          "frequency": 230.80295655387786
        }
      },
      "fitness": 4.162115373221968,
      "pre_evaluation": 0.7552830765922411,
      "generation": 8,
<<<<<<< HEAD
      "chromosomeId": "070f5931-dca0-4a77-a9b1-3c664b4e8fb6"
=======
      "chromosomeId": "87fa2b60-6c22-4dac-9214-ac2fd5378750"
>>>>>>> c3267074442d7b1626b0bb81d1b786aac0fff83f
    },
    {
      "fmParamsList": {
        "operator1": {
          "attack": 302.8187273033478,
          "decay": 235.5416513755158,
          "sustain": 119.40098099048853,
          "sustainTime": 245.43069269840993,
          "release": 254.9094248002543,
          "frequency": 313.2694894141727
        }
      },
      "fitness": 4.004508526655309,
      "pre_evaluation": 0.959646306541425,
      "generation": 9,
<<<<<<< HEAD
      "chromosomeId": "6ebb06a6-63d8-47ab-8fb8-b8c9f9926200"
=======
      "chromosomeId": "e9c03bd1-0d9a-4a7a-a9c6-60dcdd12a5e0"
>>>>>>> c3267074442d7b1626b0bb81d1b786aac0fff83f
    }
  ]
}