{
  "12_results": [
    {
      "fmParamsList": {
        "operator1": {
          "attack": 163.5441375792361,
          "decay": 218.39819140052703,
          "sustain": 249.01528915595827,
          "sustainTime": 190.97640877857756,
          "release": 447.7104180616551,
          "frequency": 447.7744494858639
        }
      },
      "fitness": 2.5420210928664186,
      "pre_evaluation": 1.050771208208696,
      "generation": 1,
<<<<<<< HEAD
      "chromosomeId": "f74c6cf4-bc75-4708-b52e-4da81d03659e"
=======
      "chromosomeId": "6ef03b33-c1c8-4ce8-a776-a78575f01cd3"
>>>>>>> c3267074442d7b1626b0bb81d1b786aac0fff83f
    },
    {
      "fmParamsList": {
        "operator1": {
          "attack": 168.5628254707109,
          "decay": 162.13770272198724,
          "sustain": 436.90929328699616,
          "sustainTime": 276.2296694578167,
          "release": 193.4206642824107,
          "frequency": 245.5420785471477
        }
      },
      "fitness": 2.8745336284710112,
      "pre_evaluation": 0.5775304293572067,
      "generation": 2,
<<<<<<< HEAD
      "chromosomeId": "b090408b-a139-4460-93c8-ad635b7489dd"
=======
      "chromosomeId": "a8760a5c-950d-41f4-bc28-ec245b7ec634"
>>>>>>> c3267074442d7b1626b0bb81d1b786aac0fff83f
    },
    {
      "fmParamsList": {
        "operator1": {
          "attack": 318.13686918804774,
          "decay": 269.8393643073436,
          "sustain": 400.1781691516242,
          "sustainTime": 238.59386555605866,
          "release": 205.02502115369452,
          "frequency": 267.69890708291666
        }
      },
      "fitness": 3.9112896290449832,
      "pre_evaluation": 0.0951117861889521,
      "generation": 3,
<<<<<<< HEAD
      "chromosomeId": "3bfc9d98-e5f6-440c-9629-7031a5d23d81"
=======
      "chromosomeId": "8bf6a65a-d363-47fc-bc8c-c6af283a3dd1"
>>>>>>> c3267074442d7b1626b0bb81d1b786aac0fff83f
    },
    {
      "fmParamsList": {
        "operator1": {
          "attack": 328.6496653439606,
          "decay": 220.8819294110755,
          "sustain": 364.61583871980247,
          "sustainTime": 216.31656968124128,
          "release": 179.63637079811772,
          "frequency": 286.4083964946955
        }
      },
      "fitness": 3.142110206325469,
      "pre_evaluation": 0.6180817052015456,
      "generation": 4,
<<<<<<< HEAD
      "chromosomeId": "cac0d837-b5cf-49d1-ba5b-0f945f788b2f"
=======
      "chromosomeId": "06114d7c-3d23-4bd9-a699-9b4c39c59ce8"
>>>>>>> c3267074442d7b1626b0bb81d1b786aac0fff83f
    },
    {
      "fmParamsList": {
        "operator1": {
          "attack": 321.59612539060623,
          "decay": 279.0576388950535,
          "sustain": 358.0017602040176,
          "sustainTime": 264.3957200454862,
          "release": 150.7438653177588,
          "frequency": 248.5433520660854
        }
      },
      "fitness": 3.3987427548433398,
      "pre_evaluation": 0.32353539591729297,
      "generation": 5,
<<<<<<< HEAD
      "chromosomeId": "ebf0dc3a-40a3-4a1f-8aee-2318ee16389f"
=======
      "chromosomeId": "d4ae2616-5b1a-4341-8a47-7f20176f8434"
>>>>>>> c3267074442d7b1626b0bb81d1b786aac0fff83f
    },
    {
      "fmParamsList": {
        "operator1": {
          "attack": 238.45539724337254,
          "decay": 279.8923441139365,
          "sustain": 340.4719887889941,
          "sustainTime": 328.6450047420312,
          "release": 200.79155962850365,
          "frequency": 271.64433933195187
        }
      },
      "fitness": 3.821543904153572,
      "pre_evaluation": 0.46091425143737086,
      "generation": 6,
<<<<<<< HEAD
      "chromosomeId": "78d8ee05-5801-4310-9409-68311d926f92"
=======
      "chromosomeId": "24c7e3d4-0c84-4b40-aa43-d0b78eaddb70"
>>>>>>> c3267074442d7b1626b0bb81d1b786aac0fff83f
    },
    {
      "fmParamsList": {
        "operator1": {
          "attack": 232.9002285725318,
          "decay": 240.55695183564686,
          "sustain": 278.9294072661795,
          "sustainTime": 238.355427853136,
          "release": 160.1657282321725,
          "frequency": 179.2471319167006
        }
      },
      "fitness": 4.311164502105169,
      "pre_evaluation": 1.0191580944364842,
      "generation": 7,
<<<<<<< HEAD
      "chromosomeId": "8ca5ee8f-ed4b-44e5-a471-dad7d839f1a7"
=======
      "chromosomeId": "4f56ff4c-d417-45ee-b83c-4040e248320c"
>>>>>>> c3267074442d7b1626b0bb81d1b786aac0fff83f
    },
    {
      "fmParamsList": {
        "operator1": {
          "attack": 180.58066215548956,
          "decay": 216.8253554606853,
          "sustain": 216.36305212383607,
          "sustainTime": 246.52697554495336,
          "release": 162.44319287467022,
          "frequency": 317.8273612593844
        }
      },
      "fitness": 3.5932554948411495,
      "pre_evaluation": 2.208178894376351,
      "generation": 8,
<<<<<<< HEAD
      "chromosomeId": "d461dc51-02aa-404f-89ce-8fe5b0251afc"
=======
      "chromosomeId": "49329ede-3c9d-4196-87ec-f2fb07c50cd2"
>>>>>>> c3267074442d7b1626b0bb81d1b786aac0fff83f
    },
    {
      "fmParamsList": {
        "operator1": {
          "attack": 195.48774271456733,
          "decay": 281.7501034950889,
          "sustain": 254.95747079826432,
          "sustainTime": 214.94349861176528,
          "release": 225.02296450162464,
          "frequency": 343.87562541244233
        }
      },
      "fitness": 4.200841941436532,
      "pre_evaluation": 0.5490853270207805,
      "generation": 9,
<<<<<<< HEAD
      "chromosomeId": "3d2db173-78bf-4a23-b06c-c2d92c7fc6c3"
=======
      "chromosomeId": "60f9fefb-a0ec-41bb-8313-12a77975b8d2"
>>>>>>> c3267074442d7b1626b0bb81d1b786aac0fff83f
    }
  ]
}